,CustomerID,Invoice,invoice_score,frequency,frequency_score,last_purchase,recency_days,recency_score
0,12346,200.98314285714284,1,2,1,2019-09-15,107,3
1,12347,17772.350771428573,5,60,5,2019-11-02,59,4
2,12348,2046.758853968254,3,23,3,2019-10-19,73,4
3,12350,1877.326942857143,3,17,3,2019-12-14,17,5
4,12356,2552.135228571429,3,36,4,2019-09-15,107,3
5,12359,803.056725,2,16,2,2019-08-23,130,3
6,12370,8693.013671428573,5,91,5,2019-06-25,189,2
7,12373,679.0194000000001,1,14,2,2019-12-07,24,5
8,12377,12065.309183333333,5,77,5,2019-11-21,40,5
9,12383,6371.335290079365,5,69,5,2019-09-23,99,4
10,12386,854.8010031746032,2,10,2,2019-07-28,156,3
11,12388,914.7168714285715,2,19,3,2019-09-08,114,3
12,12393,2932.5677,3,22,3,2019-08-31,122,3
13,12395,1932.4660571428572,3,32,4,2019-07-20,164,2
14,12402,1045.7254000000003,2,11,2,2019-09-28,94,4
15,12410,2906.7179857142855,3,26,3,2019-12-21,10,5
16,12413,3658.808466666667,4,26,3,2019-08-22,131,3
17,12414,718.9915142857143,2,7,1,2019-12-14,17,5
18,12415,3598.7629333333334,4,47,4,2019-08-13,140,3
19,12417,2303.566672222222,3,30,4,2019-10-18,74,4
20,12421,2465.7704000000003,3,11,2,2019-10-16,76,4
21,12422,1526.2934285714286,2,13,2,2019-09-20,102,3
22,12423,1030.0744333333332,2,16,2,2019-07-12,172,2
23,12427,1699.0220833333333,3,13,2,2019-07-14,170,2
24,12429,3056.0979444444442,3,20,3,2019-04-13,262,1
25,12431,6853.148291269841,5,44,4,2019-11-21,40,5
26,12433,19712.930066666668,5,147,5,2019-04-10,265,1
27,12434,58.06399999999999,1,3,1,2019-05-23,222,2
28,12437,2841.24265,3,18,3,2019-12-14,17,5
29,12441,2482.5377142857146,3,11,2,2019-03-29,277,1
30,12451,13552.300671428573,5,101,5,2019-09-19,103,3
31,12464,1854.5097285714287,3,6,1,2019-12-18,13,5
32,12468,1648.8917500000002,2,12,2,2019-11-10,51,4
33,12471,17538.90672857143,5,128,5,2019-12-16,15,5
34,12472,15446.033947222222,5,126,5,2019-10-30,62,4
35,12474,8419.058801587302,5,36,4,2019-11-01,60,4
36,12476,4171.5422,4,27,3,2019-11-28,33,5
37,12477,331.433,1,2,1,2019-12-05,26,5
38,12480,1738.8876500000001,3,42,4,2019-08-06,147,3
39,12481,14254.32815,5,46,4,2019-08-02,151,3
40,12483,1193.4588222222224,2,14,2,2019-07-18,166,2
41,12484,7587.400500000001,5,98,5,2019-08-04,149,3
42,12489,750.9481,2,15,2,2019-08-03,150,3
43,12490,3675.3007500000003,4,43,4,2019-08-30,123,3
44,12494,521.4027619047619,1,7,1,2019-07-20,164,2
45,12500,113.98355000000001,1,5,1,2019-08-13,140,3
46,12501,13326.009750000001,5,160,5,2019-11-20,41,4
47,12502,6798.830514285715,5,31,4,2019-12-16,15,5
48,12503,17.161500000000004,1,1,1,2019-07-27,157,3
49,12510,2088.907728571429,3,29,3,2019-09-18,104,3
50,12515,1595.5614,2,16,2,2019-07-13,171,2
51,12523,747.303,2,7,1,2019-08-22,131,3
52,12524,810.9875499999999,2,16,2,2019-08-14,139,3
53,12527,2164.6462,3,10,2,2019-09-15,107,3
54,12528,5755.3516500000005,4,31,4,2019-11-27,34,5
55,12530,1586.8583999999998,2,13,2,2019-08-02,151,3
56,12539,23791.6878,5,187,5,2019-11-08,53,4
57,12540,5413.532260714286,4,64,5,2019-12-10,21,5
58,12551,2313.8325142857143,3,10,2,2019-06-26,188,2
59,12553,2004.945825,3,39,4,2019-10-23,69,4
60,12557,435.76379999999995,1,9,2,2019-08-17,136,3
61,12559,3398.597793650794,4,22,3,2019-12-11,20,5
62,12567,16117.920103571429,5,146,5,2019-12-21,10,5
63,12574,2302.44725,3,11,2,2019-11-16,45,4
64,12577,7947.0546,5,67,5,2019-06-12,202,2
65,12578,7504.411625000001,5,76,5,2019-11-05,56,4
66,12583,3564.1812444444445,4,42,4,2019-08-02,151,3
67,12585,4912.057511111111,4,74,5,2019-07-24,160,3
68,12586,28.9082,1,1,1,2019-03-04,302,1
69,12591,5364.24545,4,26,3,2019-11-02,59,4
70,12594,1280.0302714285715,2,12,2,2019-09-30,92,4
71,12600,1102.9134,2,15,2,2019-12-16,15,5
72,12601,772.3571,2,9,2,2019-08-17,136,3
73,12605,330.7242,1,3,1,2019-04-19,256,1
74,12609,495.4385555555556,1,16,2,2019-10-27,65,4
75,12621,3363.1731841269843,4,33,4,2019-06-27,187,2
76,12625,7278.320495238096,5,58,5,2019-12-16,15,5
77,12626,6902.470226984127,5,67,5,2019-12-04,27,5
78,12637,5772.94095,4,75,5,2019-11-05,56,4
79,12643,96.7122,1,2,1,2019-08-18,135,3
80,12645,3004.5287500000004,3,16,2,2019-11-10,51,4
81,12647,4954.599842857143,4,53,4,2019-06-26,188,2
82,12649,31.51811111111111,1,2,1,2019-04-18,257,1
83,12651,3091.29025,3,9,2,2019-08-09,144,3
84,12652,3709.70585,4,51,4,2019-10-05,87,4
85,12662,3885.0294142857147,4,34,4,2019-12-19,12,5
86,12664,909.7659777777778,2,5,1,2019-10-02,90,4
87,12665,156.2185714285714,1,4,1,2019-09-19,103,3
88,12666,66.4199142857143,1,2,1,2019-06-09,205,2
89,12668,8511.628171428572,5,74,5,2019-11-30,31,5
90,12672,367.34965,1,10,2,2019-08-30,123,3
91,12673,2417.1736571428573,3,23,3,2019-09-09,113,3
92,12676,1725.8101857142858,3,12,2,2019-12-10,21,5
93,12678,253.2297,1,5,1,2019-07-12,172,2
94,12681,20880.602954761904,5,223,5,2019-12-03,28,5
95,12682,15810.40033015873,5,127,5,2019-12-11,20,5
96,12683,12913.763696825397,5,77,5,2019-09-30,92,4
97,12686,1166.6948444444445,2,7,1,2019-01-31,334,1
98,12691,1595.6234285714288,2,15,2,2019-10-27,65,4
99,12693,1979.1518444444446,3,9,2,2019-10-14,78,4
100,12705,2172.343542857143,3,30,4,2019-06-28,186,2
101,12708,3504.2750571428573,4,33,4,2019-08-30,123,3
102,12709,4095.2903738095238,4,33,4,2019-11-08,53,4
103,12712,4775.310156349206,4,47,4,2019-12-21,10,5
104,12720,8996.848521428572,5,65,5,2019-11-27,34,5
105,12721,2485.6974777777777,3,18,3,2019-07-06,178,2
106,12724,758.0382,2,11,2,2019-08-21,132,3
107,12725,6586.13285,5,24,3,2019-02-09,325,1
108,12726,2700.69855,3,25,3,2019-11-17,44,4
109,12727,1120.3221777777778,2,12,2,2019-10-11,81,4
110,12728,796.45265,2,13,2,2019-08-19,134,3
111,12731,15263.018155555555,5,62,5,2019-11-27,34,5
112,12734,121.04593333333332,1,4,1,2019-07-13,171,2
113,12735,3872.9874777777777,4,43,4,2019-11-20,41,4
114,12736,216.00074999999998,1,4,1,2019-08-16,137,3
115,12738,2154.796911111111,3,11,2,2019-01-30,335,1
116,12744,11662.59968888889,5,56,5,2019-10-24,68,4
117,12747,2227.661075,3,20,3,2019-09-28,94,4
118,12748,96197.43688849207,5,695,5,2019-09-15,107,3
119,12753,3024.0855,3,52,4,2019-08-01,152,3
120,12754,4974.545857142857,4,37,4,2019-12-21,10,5
121,12755,72.02933333333333,1,1,1,2019-04-12,263,1
122,12763,1594.314885714286,2,16,2,2019-03-02,304,1
123,12764,6936.73465,5,45,4,2019-11-06,55,4
124,12766,5427.881755555555,4,88,5,2019-08-11,142,3
125,12775,1835.3042285714287,3,13,2,2019-12-18,13,5
126,12778,688.6045714285715,2,9,2,2019-12-01,30,5
127,12779,3396.4964571428573,4,42,4,2019-12-24,7,5
128,12782,5157.343703174603,4,56,5,2019-10-28,64,4
129,12785,976.9496444444445,2,14,2,2019-04-30,245,2
130,12791,183.73762222222223,1,2,1,2019-01-03,362,1
131,12793,3161.72575,3,24,3,2019-08-09,144,3
132,12797,551.8204476190476,1,17,3,2019-06-02,212,2
133,12808,784.3338285714286,2,7,1,2019-03-04,302,1
134,12820,950.8460571428573,2,11,2,2019-09-11,111,3
135,12826,9146.983683333334,5,49,4,2019-11-08,53,4
136,12829,1281.6702500000001,2,12,2,2019-10-03,89,4
137,12836,4098.508071428571,4,39,4,2019-12-06,25,5
138,12838,6136.506933333333,4,59,5,2019-01-05,360,1
139,12839,4891.2163,4,37,4,2019-06-29,185,2
140,12841,15664.295976984127,5,110,5,2019-11-27,34,5
141,12842,3996.6217857142865,4,14,2,2019-12-23,8,5
142,12853,2687.9180071428573,3,23,3,2019-12-03,28,5
143,12854,5303.6177777777775,4,36,4,2019-10-24,68,4
144,12855,1047.6602222222223,2,3,1,2019-01-17,348,1
145,12865,267.8,1,1,1,2019-06-05,209,2
146,12867,4831.4367142857145,4,58,5,2019-06-02,212,2
147,12868,6970.368252777777,5,46,4,2019-11-12,49,4
148,12870,72.34757777777777,1,2,1,2019-04-06,269,1
149,12872,5564.54446984127,4,66,5,2019-09-07,115,3
150,12875,7.32,1,1,1,2019-05-06,239,2
151,12877,2013.1549571428573,3,17,3,2019-08-31,122,3
152,12908,263.8,1,2,1,2019-11-29,32,5
153,12913,116.92762857142857,1,4,1,2019-03-18,288,1
154,12915,1374.9625777777778,2,13,2,2019-01-22,343,1
155,12916,4854.807111111111,4,40,4,2019-10-06,86,4
156,12921,7536.935382539683,5,59,5,2019-07-20,164,2
157,12924,29.5543,1,2,1,2019-09-05,117,3
158,12928,498.5704142857143,1,17,3,2019-06-11,203,2
159,12929,1082.8717428571429,2,8,1,2019-12-06,25,5
160,12931,35.803914285714285,1,2,1,2019-06-29,185,2
161,12935,9121.451022222222,5,27,3,2019-10-16,76,4
162,12939,317.04395,1,6,1,2019-08-08,145,3
163,12942,977.9758333333334,2,16,2,2019-04-11,264,1
164,12944,1244.455488888889,2,14,2,2019-07-06,178,2
165,12947,5871.6072952380955,4,36,4,2019-10-27,65,4
166,12951,1141.3662,2,20,3,2019-10-12,80,4
167,12956,3582.902685714286,4,19,3,2019-12-31,0,5
168,12957,1434.9722444444444,2,31,4,2019-08-01,152,3
169,12963,1070.0855444444444,2,16,2,2019-04-11,264,1
170,12967,1818.7350539682539,3,19,3,2019-06-23,191,2
171,12970,659.0331111111111,1,8,1,2019-10-04,88,4
172,12971,5256.9130674603175,4,47,4,2019-12-19,12,5
173,12980,1447.2644333333333,2,6,1,2019-08-23,130,3
174,12989,191.858,1,2,1,2019-09-05,117,3
175,12990,763.9605,2,3,1,2019-12-14,17,5
176,12997,1126.3411,2,18,3,2019-11-21,40,5
177,13000,1058.3033222222223,2,11,2,2019-04-24,251,1
178,13001,3551.627593650794,4,36,4,2019-10-27,65,4
179,13002,976.8867777777779,2,7,1,2019-10-27,65,4
180,13004,7399.728964285715,5,72,5,2019-11-10,51,4
181,13008,2472.353942857143,3,15,2,2019-09-28,94,4
182,13011,298.80588888888883,1,3,1,2019-01-30,335,1
183,13013,6761.4135,5,67,5,2019-02-03,331,1
184,13021,2387.288047619047,3,8,1,2019-06-13,201,2
185,13027,366.89882222222224,1,6,1,2019-07-07,177,2
186,13029,16.4895,1,1,1,2019-07-12,172,2
187,13030,3341.1972,4,60,5,2019-03-15,291,1
188,13033,930.7870285714287,2,11,2,2019-06-27,187,2
189,13034,294.2367,1,11,2,2019-02-28,306,1
190,13047,4126.2364809523815,4,44,4,2019-12-18,13,5
191,13048,4636.170228571429,4,40,4,2019-09-06,116,3
192,13049,300.2095333333333,1,7,1,2019-10-27,65,4
193,13050,13550.614624603175,5,103,5,2019-12-27,4,5
194,13064,303.5431857142857,1,9,2,2019-09-06,116,3
195,13065,1758.9483777777778,3,14,2,2019-01-16,349,1
196,13068,7.222222222222222,1,1,1,2019-10-11,81,4
197,13069,11063.969085714287,5,138,5,2019-12-28,3,5
198,13077,1929.9775777777777,3,14,2,2019-04-07,268,1
199,13078,5823.438925,4,54,5,2019-11-10,51,4
200,13081,25668.873233333336,5,261,5,2019-08-31,122,3
201,13082,1235.9126444444446,2,7,1,2019-07-24,160,3
202,13089,36323.84371666667,5,366,5,2019-12-11,20,5
203,13090,1773.3689833333333,3,13,2,2019-09-30,92,4
204,13092,411.0683714285714,1,7,1,2019-06-07,207,2
205,13093,15738.697142063493,5,143,5,2019-12-12,19,5
206,13094,537.7469714285714,1,5,1,2019-07-31,153,3
207,13097,4161.5264365079365,4,52,4,2019-07-26,158,3
208,13098,3035.2517000000003,3,21,3,2019-11-03,58,4
209,13102,10840.18926984127,5,93,5,2019-12-24,7,5
210,13104,151.44444444444446,1,1,1,2019-07-06,178,2
211,13107,3283.56345,4,23,3,2019-09-04,118,3
212,13108,623.0708,1,10,2,2019-01-18,347,1
213,13110,1349.9406285714288,2,20,3,2019-12-10,21,5
214,13113,23590.326992063492,5,62,5,2019-12-24,7,5
215,13115,288.6816,1,2,1,2019-08-01,152,3
216,13117,2531.6366555555555,3,34,4,2019-10-17,75,4
217,13124,5643.4216857142865,4,61,5,2019-06-10,204,2
218,13126,2971.9647634920634,3,32,4,2019-08-17,136,3
219,13136,281.42084444444447,1,3,1,2019-04-19,256,1
220,13137,9659.41892857143,5,48,4,2019-12-22,9,5
221,13138,1724.3520444444446,3,14,2,2019-01-26,339,1
222,13140,827.2226888888888,2,16,2,2019-04-07,268,1
223,13141,4043.5475,4,32,4,2019-12-10,21,5
224,13144,57.813199999999995,1,3,1,2019-08-17,136,3
225,13145,28.13333333333333,1,1,1,2019-01-30,335,1
226,13148,22117.466322222223,5,130,5,2019-11-25,36,5
227,13155,8194.485285714287,5,63,5,2019-09-08,114,3
228,13158,4137.948111111111,4,19,3,2019-10-18,74,4
229,13161,569.5195,1,8,1,2019-11-24,37,5
230,13162,4169.3709,4,40,4,2019-08-22,131,3
231,13165,1032.9725333333333,2,13,2,2019-07-14,170,2
232,13168,6174.3102,4,76,5,2019-10-26,66,4
233,13173,4739.032085714286,4,23,3,2019-03-23,283,1
234,13174,30110.888221428573,5,242,5,2019-11-13,48,4
235,13178,2401.84035,3,32,4,2019-05-25,220,2
236,13183,2427.79125,3,20,3,2019-08-07,146,3
237,13187,1601.8636000000001,2,37,4,2019-08-01,152,3
238,13198,7133.624083333334,5,77,5,2019-10-24,68,4
239,13199,2354.065657142857,3,16,2,2019-12-13,18,5
240,13208,3143.986342857143,3,26,3,2019-12-20,11,5
241,13209,571.0150428571428,1,21,3,2019-09-12,110,3
242,13211,87.03025,1,2,1,2019-05-21,224,2
243,13221,3259.9336714285714,4,35,4,2019-06-07,207,2
244,13225,637.5257277777777,1,12,2,2019-07-26,158,3
245,13230,12372.0104,5,85,5,2019-12-20,11,5
246,13233,1670.8459500000001,3,17,3,2019-08-06,147,3
247,13238,595.6612,1,5,1,2019-05-31,214,2
248,13240,1735.1841777777777,3,21,3,2019-04-14,261,1
249,13246,2983.761832142857,3,40,4,2019-09-13,109,3
250,13253,618.9399999999999,1,16,2,2019-07-19,165,2
251,13255,1480.2220444444447,2,6,1,2019-01-05,360,1
252,13263,3214.999642857143,4,39,4,2019-09-18,104,3
253,13266,67.4706,1,1,1,2019-06-12,202,2
254,13267,18787.730525,5,46,4,2019-08-23,130,3
255,13269,3717.14815,4,28,3,2019-05-18,227,2
256,13270,103.05555555555556,1,1,1,2019-04-07,268,1
257,13280,10482.1836,5,78,5,2019-11-15,46,4
258,13284,963.2995000000001,2,14,2,2019-09-30,92,4
259,13295,909.8142285714287,2,11,2,2019-06-05,209,2
260,13304,913.9553999999999,2,21,3,2019-07-15,169,2
261,13305,561.7151111111111,1,5,1,2019-01-20,345,1
262,13309,5459.950857142858,4,34,4,2019-12-23,8,5
263,13310,2734.8929142857146,3,29,3,2019-10-23,69,4
264,13313,574.3040444444445,1,17,3,2019-07-16,168,2
265,13317,1509.2781142857143,2,14,2,2019-06-13,201,2
266,13319,7928.8703444444445,5,98,5,2019-07-17,167,2
267,13324,2995.8214,3,10,2,2019-11-27,34,5
268,13327,1090.0970444444445,2,21,3,2019-04-19,256,1
269,13328,2813.2898,3,17,3,2019-11-13,48,4
270,13329,708.4697111111111,2,9,2,2019-07-08,176,2
271,13330,1631.7327,2,13,2,2019-11-17,44,4
272,13368,166.60500000000002,1,1,1,2019-07-28,156,3
273,13369,1961.408177777778,3,19,3,2019-07-08,176,2
274,13370,4398.417588888889,4,44,4,2019-04-08,267,1
275,13385,4181.3668,4,35,4,2019-08-30,123,3
276,13394,1751.7107142857144,3,16,2,2019-12-16,15,5
277,13396,2735.293711111111,3,16,2,2019-11-27,34,5
278,13397,630.3864444444446,1,8,1,2019-07-18,166,2
279,13402,1698.7450888888889,3,17,3,2019-01-30,335,1
280,13405,356.62388888888887,1,6,1,2019-10-27,65,4
281,13408,10213.454271031746,5,78,5,2019-11-29,32,5
282,13418,4602.342819047619,4,49,4,2019-06-08,206,2
283,13426,1380.6532357142858,2,32,4,2019-08-02,151,3
284,13448,3035.343711111111,3,36,4,2019-05-21,224,2
285,13451,2353.47225,3,48,4,2019-08-11,142,3
286,13455,3721.122847619048,4,36,4,2019-09-04,118,3
287,13458,5007.456046031746,4,87,5,2019-09-18,104,3
288,13468,12673.088206349208,5,79,5,2019-12-12,19,5
289,13473,701.0283999999999,2,13,2,2019-08-28,125,3
290,13481,15.784,1,1,1,2019-03-16,290,1
291,13487,441.0444,1,11,2,2019-07-12,172,2
292,13488,15549.4506,5,149,5,2019-12-20,11,5
293,13491,5295.471684126985,4,42,4,2019-12-12,19,5
294,13494,1566.459242857143,2,18,3,2019-12-06,25,5
295,13495,2796.5195428571433,3,26,3,2019-06-05,209,2
296,13496,2088.9549142857145,3,27,3,2019-06-21,193,2
297,13497,1174.0044285714287,2,10,2,2019-03-06,300,1
298,13502,198.80314285714286,1,4,1,2019-09-26,96,4
299,13506,4475.986157142857,4,29,3,2019-12-02,29,5
300,13520,4911.954292857144,4,31,4,2019-09-22,100,3
301,13523,2001.7798555555557,3,30,4,2019-04-06,269,1
302,13527,99.78442857142858,1,5,1,2019-09-08,114,3
303,13531,7987.426288888889,5,15,2,2019-04-07,268,1
304,13534,4582.46294047619,4,52,4,2019-11-14,47,4
305,13538,38.732600000000005,1,3,1,2019-11-17,44,4
306,13539,1587.5169714285717,2,11,2,2019-12-19,12,5
307,13551,1165.8908666666666,2,4,1,2019-10-16,76,4
308,13552,361.073,1,8,1,2019-11-17,44,4
309,13564,9545.876704761906,5,82,5,2019-07-11,173,2
310,13565,1209.28815,2,13,2,2019-08-11,142,3
311,13569,2498.0164142857143,3,24,3,2019-03-21,285,1
312,13576,2535.6033015873018,3,34,4,2019-12-14,17,5
313,13579,624.0346428571429,1,9,2,2019-03-02,304,1
314,13581,1064.9933285714287,2,10,2,2019-12-19,12,5
315,13584,3891.7949000000003,4,24,3,2019-12-29,2,5
316,13593,3042.24695,3,39,4,2019-08-07,146,3
317,13599,2213.520604761905,3,30,4,2019-09-04,118,3
318,13600,3168.8819857142857,4,19,3,2019-12-02,29,5
319,13606,414.6603,1,3,1,2019-12-06,25,5
320,13611,1379.615885714286,2,15,2,2019-06-03,211,2
321,13614,749.90995,2,9,2,2019-08-28,125,3
322,13615,2355.301911111111,3,24,3,2019-11-27,34,5
323,13627,2319.746085714286,3,20,3,2019-06-25,189,2
324,13629,1390.0951,2,8,1,2019-12-10,21,5
325,13634,1735.7780714285716,3,38,4,2019-09-06,116,3
326,13649,784.5905666666667,2,15,2,2019-04-07,268,1
327,13652,660.8771714285714,1,18,3,2019-03-04,302,1
328,13656,2487.1173555555556,3,31,4,2019-07-31,153,3
329,13659,5114.493455555556,4,62,5,2019-10-07,85,4
330,13668,5856.004507142858,4,61,5,2019-12-19,12,5
331,13672,300.45825,1,6,1,2019-08-19,134,3
332,13680,7724.826711111112,5,91,5,2019-08-02,151,3
333,13693,80.26471428571429,1,4,1,2019-09-18,104,3
334,13694,7232.50278968254,5,104,5,2019-12-20,11,5
335,13700,1884.7161857142858,3,26,3,2019-09-06,116,3
336,13703,281.79,1,1,1,2019-10-23,69,4
337,13705,1526.2498666666668,2,10,2,2019-01-03,362,1
338,13707,5025.4898,4,32,4,2019-11-20,41,4
339,13709,3331.803825,4,31,4,2019-11-21,40,5
340,13715,9182.136925,5,100,5,2019-08-01,152,3
341,13725,6137.864785714286,4,41,4,2019-12-23,8,5
342,13728,1106.0871285714286,2,9,2,2019-12-12,19,5
343,13742,10261.690622222222,5,96,5,2019-10-11,81,4
344,13747,175.58100000000002,1,1,1,2019-01-03,362,1
345,13748,7.9632,1,1,1,2019-01-01,364,1
346,13750,9.2922,1,1,1,2019-08-02,151,3
347,13754,1251.2904,2,8,1,2019-11-03,58,4
348,13756,2178.064685714286,3,16,2,2019-06-13,201,2
349,13758,2625.811477777778,3,33,4,2019-08-08,145,3
350,13764,4941.068633333333,4,69,5,2019-07-30,154,3
351,13767,7921.976485714286,5,73,5,2019-08-16,137,3
352,13769,4495.145285714286,4,32,4,2019-10-05,87,4
353,13777,8567.699923015873,5,67,5,2019-12-13,18,5
354,13782,4291.029214285714,4,36,4,2019-09-05,117,3
355,13784,451.54014642857146,1,6,1,2019-12-08,23,5
356,13786,713.7388285714286,2,7,1,2019-03-23,283,1
357,13787,475.06850000000003,1,7,1,2019-05-01,244,2
358,13798,12460.966294444444,5,123,5,2019-10-11,81,4
359,13800,4372.416571428572,4,33,4,2019-12-18,13,5
360,13802,1725.6897142857144,3,22,3,2019-12-06,25,5
361,13807,1771.8805714285716,3,7,1,2019-03-26,280,1
362,13815,9506.122844444444,5,53,4,2019-10-22,70,4
363,13817,203.55326666666667,1,9,2,2019-07-14,170,2
364,13819,3682.232388888889,4,24,3,2019-12-19,12,5
365,13824,1250.253285714286,2,11,2,2019-12-13,18,5
366,13829,34.64028571428571,1,1,1,2019-06-12,202,2
367,13831,359.6682,1,2,1,2019-02-16,318,1
368,13837,1343.1416,2,9,2,2019-10-30,62,4
369,13838,8072.87845,5,52,4,2019-02-11,323,1
370,13842,9273.535425,5,55,5,2019-12-19,12,5
371,13846,1692.3509142857145,3,28,3,2019-06-02,212,2
372,13848,143.49333333333334,1,1,1,2019-04-07,268,1
373,13854,3815.8118380952383,4,33,4,2019-12-10,21,5
374,13859,3016.5256,3,28,3,2019-09-14,108,3
375,13862,4278.814925,4,29,3,2019-09-04,118,3
376,13869,15320.898878571428,5,71,5,2019-11-27,34,5
377,13871,4177.252514285715,4,23,3,2019-12-20,11,5
378,13873,535.3584285714286,1,7,1,2019-12-15,16,5
379,13874,1222.0854571428572,2,18,3,2019-06-22,192,2
380,13880,1605.4128571428573,2,6,1,2019-03-23,283,1
381,13881,2463.2744000000002,3,13,2,2019-12-04,27,5
382,13883,65.0,1,1,1,2019-09-14,108,3
383,13890,2119.3969357142855,3,12,2,2019-11-03,58,4
384,13894,980.2390857142858,2,10,2,2019-12-13,18,5
385,13898,498.40479999999997,1,12,2,2019-09-15,107,3
386,13901,889.4679555555556,2,11,2,2019-10-18,74,4
387,13911,4114.129085714286,4,25,3,2019-12-27,4,5
388,13922,402.99524444444444,1,7,1,2019-07-14,170,2
389,13929,3152.1081999999997,3,3,1,2019-10-05,87,4
390,13939,2022.2429857142859,3,13,2,2019-12-12,19,5
391,13941,1098.52,2,12,2,2019-02-09,325,1
392,13948,201.9326,1,3,1,2019-05-22,223,2
393,13953,14.496,1,1,1,2019-07-13,171,2
394,13958,562.3614444444445,1,5,1,2019-01-29,336,1
395,13959,1295.0078500000002,2,16,2,2019-05-10,235,2
396,13963,6173.990092063493,4,35,4,2019-12-26,5,5
397,13969,3813.7534888888886,4,44,4,2019-10-04,88,4
398,13982,5338.8793460317465,4,52,4,2019-09-11,111,3
399,13983,14681.337914285714,5,50,4,2019-09-13,109,3
400,13984,181.6067142857143,1,9,2,2019-09-18,104,3
401,13993,687.49295,2,18,3,2019-08-27,126,3
402,13999,3898.9105611111113,4,32,4,2019-10-03,89,4
403,14001,1318.4362444444444,2,9,2,2019-01-09,356,1
404,14006,1120.871,2,7,1,2019-12-02,29,5
405,14016,2205.8305142857143,3,39,4,2019-06-27,187,2
406,14030,5568.663822222223,4,27,3,2019-04-10,265,1
407,14031,4691.391305555556,4,51,4,2019-09-25,97,4
408,14032,5365.257942063493,4,32,4,2019-07-14,170,2
409,14037,1908.817711111111,3,26,3,2019-04-27,248,2
410,14040,10030.2284,5,67,5,2019-11-22,39,5
411,14044,9189.261585714286,5,55,5,2019-12-17,14,5
412,14045,189.48737777777777,1,5,1,2019-07-26,158,3
413,14047,429.1880888888889,1,15,2,2019-08-01,152,3
414,14049,13207.198177777778,5,115,5,2019-10-29,63,4
415,14051,4489.290605555556,4,41,4,2019-11-21,40,5
416,14057,4218.696475,4,48,4,2019-05-31,214,2
417,14060,4959.509177777778,4,40,4,2019-10-28,64,4
418,14062,7080.0388801587305,5,44,4,2019-09-28,94,4
419,14068,2684.7209888888888,3,24,3,2019-10-11,81,4
420,14078,2675.8486000000003,3,13,2,2019-01-09,356,1
421,14081,7058.713228571429,5,69,5,2019-03-02,304,1
422,14082,3003.1047333333336,3,29,3,2019-04-25,250,1
423,14083,9129.357708333333,5,95,5,2019-07-10,174,2
424,14085,15945.588499603175,5,171,5,2019-12-18,13,5
425,14088,11653.7401,5,93,5,2019-10-03,89,4
426,14090,21.576,1,1,1,2019-09-20,102,3
427,14092,3631.2943793650793,4,61,5,2019-10-04,88,4
428,14099,8173.15594920635,5,59,5,2019-09-04,118,3
429,14101,181.97954285714286,1,3,1,2019-09-11,111,3
430,14107,1390.474077777778,2,17,3,2019-07-07,177,2
431,14113,858.954707936508,2,7,1,2019-12-05,26,5
432,14114,1249.005525,2,11,2,2019-08-27,126,3
433,14119,23.9242,1,1,1,2019-07-08,176,2
434,14127,2516.160542857143,3,20,3,2019-12-12,19,5
435,14130,12481.865844444445,5,67,5,2019-10-17,75,4
436,14133,2659.95155,3,17,3,2019-12-18,13,5
437,14135,6790.429318650794,5,70,5,2019-09-09,113,3
438,14142,4288.881555555556,4,22,3,2019-01-15,350,1
439,14146,12913.169978571428,5,70,5,2019-11-16,45,4
440,14150,933.3049142857144,2,12,2,2019-06-03,211,2
441,14156,11611.490800000001,5,86,5,2019-12-18,13,5
442,14159,3085.0332000000003,3,51,4,2019-05-04,241,2
443,14161,3276.095625,4,26,3,2019-02-23,311,1
444,14167,1610.2002,2,18,3,2019-08-25,128,3
445,14175,2180.416277777778,3,21,3,2019-10-05,87,4
446,14176,647.1785571428572,1,14,2,2019-09-09,113,3
447,14180,25804.93321825397,5,88,5,2019-12-16,15,5
448,14185,134.112,1,3,1,2019-08-24,129,3
449,14188,1769.3461428571431,3,12,2,2019-12-13,18,5
450,14189,6295.827330158731,4,47,4,2019-10-26,66,4
451,14194,5634.268942857143,4,30,4,2019-12-27,4,5
452,14201,383.8037142857143,1,4,1,2019-06-08,206,2
453,14205,1790.5150333333333,3,14,2,2019-04-17,258,1
454,14206,333.8,1,1,1,2019-05-22,223,2
455,14209,2816.00795,3,16,2,2019-08-19,134,3
456,14210,4038.7257583333335,4,37,4,2019-07-18,166,2
457,14213,110.10053333333333,1,5,1,2019-01-31,334,1
458,14215,4158.211454761905,4,52,4,2019-11-21,40,5
459,14217,1160.219315079365,2,22,3,2019-12-09,22,5
460,14220,1175.3726000000001,2,11,2,2019-06-22,192,2
461,14221,2530.910944444445,3,18,3,2019-07-19,165,2
462,14224,4566.005722222222,4,40,4,2019-10-10,82,4
463,14229,2209.243525,3,23,3,2019-11-20,41,4
464,14233,2951.046293650794,3,15,2,2019-12-11,20,5
465,14236,305.093,1,3,1,2019-01-31,334,1
466,14237,1079.3041777777778,2,9,2,2019-01-09,356,1
467,14238,1553.2926857142857,2,8,1,2019-09-12,110,3
468,14239,608.97445,1,9,2,2019-11-12,49,4
469,14242,1201.9532000000002,2,8,1,2019-09-14,108,3
470,14243,4415.535547619048,4,40,4,2019-10-31,61,4
471,14248,292.3911111111111,1,8,1,2019-10-27,65,4
472,14256,3577.852966666667,4,32,4,2019-04-27,248,2
473,14257,4824.2978,4,39,4,2019-10-19,73,4
474,14258,1532.0109444444445,2,31,4,2019-07-27,157,3
475,14264,34.105,1,2,1,2019-01-30,335,1
476,14270,2182.07435,3,29,3,2019-08-22,131,3
477,14282,1605.2277714285715,2,13,2,2019-03-21,285,1
478,14290,4251.06945,4,25,3,2019-11-12,49,4
479,14292,935.5657142857144,2,3,1,2019-09-14,108,3
480,14293,1171.3760571428572,2,15,2,2019-03-04,302,1
481,14295,256.6,1,2,1,2019-08-18,135,3
482,14298,19985.32165,5,241,5,2019-11-29,32,5
483,14299,3736.573973015873,4,34,4,2019-11-11,50,4
484,14307,10109.995561904763,5,79,5,2019-09-23,99,4
485,14309,1220.6480142857142,2,22,3,2019-12-15,16,5
486,14312,4052.6371206349204,4,23,3,2019-12-12,19,5
487,14320,3626.9508055555557,4,34,4,2019-10-01,91,4
488,14321,3042.3677,3,29,3,2019-08-14,139,3
489,14329,5899.1368571428575,4,76,5,2019-09-02,120,3
490,14334,4190.795717460318,4,42,4,2019-10-13,79,4
491,14341,2079.300888888889,3,24,3,2019-11-03,58,4
492,14344,2298.4019142857146,3,14,2,2019-06-22,192,2
493,14355,1621.9901777777777,2,11,2,2019-04-13,262,1
494,14368,1707.1355555555556,3,8,1,2019-10-12,80,4
495,14373,225.72774285714286,1,4,1,2019-06-20,194,2
496,14388,2055.8097555555555,3,23,3,2019-04-09,266,1
497,14389,793.8526444444444,2,6,1,2019-10-23,69,4
498,14390,4215.263133333334,4,28,3,2019-01-20,345,1
499,14395,4694.789088888889,4,63,5,2019-08-11,142,3
500,14396,5656.1803500000005,4,34,4,2019-02-08,326,1
501,14401,2291.2443642857143,3,20,3,2019-11-21,40,5
502,14404,4251.482771428571,4,46,4,2019-09-06,116,3
503,14409,2923.125647619048,3,14,2,2019-10-19,73,4
504,14410,1346.9152142857142,2,8,1,2019-12-31,0,5
505,14411,836.2295285714285,2,14,2,2019-12-11,20,5
506,14413,3009.463225,3,23,3,2019-05-09,236,2
507,14414,329.85185714285717,1,8,1,2019-06-14,200,2
508,14415,13792.520917857142,5,117,5,2019-09-18,104,3
509,14419,1885.1092555555556,3,21,3,2019-04-25,250,1
510,14426,4643.233235714286,4,47,4,2019-11-27,34,5
511,14428,1401.284157142857,2,24,3,2019-09-18,104,3
512,14437,231.6400111111111,1,5,1,2019-04-11,264,1
513,14438,713.1641142857144,2,9,2,2019-12-31,0,5
514,14439,3356.0540444444446,4,32,4,2019-10-13,79,4
515,14440,6399.819127777778,5,31,4,2019-11-06,55,4
516,14441,53.291,1,2,1,2019-10-03,89,4
517,14442,5089.7899,4,32,4,2019-12-03,28,5
518,14443,3094.5450634920635,3,42,4,2019-12-14,17,5
519,14448,948.2144000000001,2,18,3,2019-05-02,243,2
520,14449,8105.447266666667,5,50,4,2019-01-25,340,1
521,14450,1066.6978444444444,2,11,2,2019-10-06,86,4
522,14457,2042.0431428571428,3,4,1,2019-12-11,20,5
523,14460,630.257142857143,1,2,1,2019-12-12,19,5
524,14462,10869.765514285715,5,59,5,2019-12-25,6,5
525,14466,2563.8353666666667,3,17,3,2019-12-21,10,5
526,14467,3402.50845,4,15,2,2019-11-29,32,5
527,14472,6990.688466666667,5,70,5,2019-08-08,145,3
528,14479,499.26515555555557,1,10,2,2019-04-14,261,1
529,14487,2029.915742857143,3,14,2,2019-03-13,293,1
530,14491,636.9742222222224,1,4,1,2019-01-21,344,1
531,14496,943.496534920635,2,19,3,2019-12-04,27,5
532,14497,3785.2617,4,29,3,2019-12-19,12,5
533,14498,939.6826,2,14,2,2019-05-14,231,2
534,14501,1149.2255555555557,2,4,1,2019-10-12,80,4
535,14502,6069.30685,4,45,4,2019-12-01,30,5
536,14505,14210.299080555556,5,183,5,2019-08-04,149,3
537,14506,8332.44445,5,50,4,2019-02-27,307,1
538,14514,1614.67945,2,26,3,2019-08-25,128,3
539,14524,1208.5008500000001,2,26,3,2019-05-23,222,2
540,14525,2674.8788214285714,3,27,3,2019-09-11,111,3
541,14527,20214.46532579365,5,199,5,2019-11-29,32,5
542,14532,2376.958477777778,3,23,3,2019-11-22,39,5
543,14533,1502.9346,2,10,2,2019-07-13,171,2
544,14534,5850.577311111111,4,29,3,2019-10-23,69,4
545,14540,1706.9037285714287,3,11,2,2019-12-19,12,5
546,14541,15634.052708333333,5,75,5,2019-11-14,47,4
547,14543,3015.7054333333335,3,11,2,2019-10-20,72,4
548,14544,6076.164625,4,57,5,2019-05-15,230,2
549,14548,358.6682,1,2,1,2019-10-27,65,4
550,14549,9092.289,5,56,5,2019-12-08,23,5
551,14553,985.1179555555557,2,23,3,2019-07-19,165,2
552,14560,2683.3231571428573,3,22,3,2019-12-21,10,5
553,14565,2392.88765,3,54,5,2019-05-16,229,2
554,14572,6983.007185714286,5,58,5,2019-09-26,96,4
555,14573,8941.993577777777,5,76,5,2019-01-31,334,1
556,14576,84.94377777777777,1,1,1,2019-01-30,335,1
557,14577,3278.94695,4,38,4,2019-05-04,241,2
558,14587,12688.797171428572,5,118,5,2019-12-07,24,5
559,14589,371.3175,1,3,1,2019-02-02,332,1
560,14594,5657.359288888889,4,31,4,2019-01-11,354,1
561,14595,1040.7432000000001,2,5,1,2019-11-23,38,5
562,14600,823.638,2,2,1,2019-12-31,0,5
563,14606,77991.86088531747,5,575,5,2019-12-31,0,5
564,14608,12.5962,1,1,1,2019-05-11,234,2
565,14616,136.9,1,1,1,2019-10-31,61,4
566,14618,637.8916666666667,1,6,1,2019-07-27,157,3
567,14621,4094.9692,4,16,2,2019-06-16,198,2
568,14625,3236.62815,4,36,4,2019-05-19,226,2
569,14627,785.5813571428572,2,5,1,2019-12-05,26,5
570,14639,3648.2513,4,42,4,2019-06-20,194,2
571,14643,1470.3554571428572,2,18,3,2019-07-12,172,2
572,14646,26377.306865476192,5,290,5,2019-10-02,90,4
573,14653,2842.2117333333335,3,29,3,2019-07-23,161,3
574,14657,8474.229371428572,5,62,5,2019-09-13,109,3
575,14659,7294.255,5,50,4,2019-11-19,42,4
576,14662,5199.93765,4,24,3,2019-11-15,46,4
577,14665,6756.055242857143,5,26,3,2019-12-11,20,5
578,14667,32006.47320793651,5,168,5,2019-09-12,110,3
579,14669,8106.251175,5,110,5,2019-08-19,134,3
580,14672,2859.1489,3,34,4,2019-08-06,147,3
581,14673,2125.7941142857144,3,15,2,2019-03-21,285,1
582,14679,194.3677777777778,1,1,1,2019-01-31,334,1
583,14680,9313.037377777779,5,89,5,2019-10-22,70,4
584,14684,4094.69905,4,44,4,2019-05-08,237,2
585,14688,8962.95003968254,5,58,5,2019-11-29,32,5
586,14692,5863.468333333333,4,28,3,2019-10-14,78,4
587,14696,4615.846173015873,4,35,4,2019-09-15,107,3
588,14701,9495.87565,5,57,5,2019-11-09,52,4
589,14702,10011.529558333334,5,91,5,2019-11-16,45,4
590,14708,2855.3977142857143,3,13,2,2019-05-24,221,2
591,14709,3713.6693571428573,4,37,4,2019-11-21,40,5
592,14713,9638.78202857143,5,80,5,2019-09-30,92,4
593,14715,647.0346499999999,1,13,2,2019-08-24,129,3
594,14723,9572.516028571428,5,90,5,2019-06-23,191,2
595,14729,9723.507566666667,5,71,5,2019-01-08,357,1
596,14732,401.12466666666666,1,10,2,2019-07-18,166,2
597,14733,14300.745192460317,5,134,5,2019-11-03,58,4
598,14735,4694.941714285715,4,33,4,2019-12-14,17,5
599,14737,296.4720666666667,1,8,1,2019-07-12,172,2
600,14738,2492.54095,3,11,2,2019-11-11,50,4
601,14739,1305.4990698412698,2,18,3,2019-07-23,161,3
602,14741,1726.4392722222221,3,19,3,2019-05-14,231,2
603,14744,2025.817280952381,3,14,2,2019-12-03,28,5
604,14748,2160.303,3,35,4,2019-08-23,130,3
605,14755,3500.10795,4,27,3,2019-08-10,143,3
606,14761,1185.5474,2,7,1,2019-08-09,144,3
607,14766,933.7424888888889,2,8,1,2019-04-18,257,1
608,14769,7193.913642857144,5,59,5,2019-09-20,102,3
609,14770,1741.8981142857144,3,17,3,2019-09-29,93,4
610,14775,1818.3335333333334,3,20,3,2019-01-29,336,1
611,14776,3639.1204000000002,4,22,3,2019-11-29,32,5
612,14777,73.94040000000001,1,2,1,2019-06-20,194,2
613,14778,3613.8672285714288,4,18,3,2019-12-21,10,5
614,14779,11665.704409523809,5,35,4,2019-10-03,89,4
615,14782,619.5290444444445,1,6,1,2019-10-13,79,4
616,14784,302.4571428571429,1,4,1,2019-09-26,96,4
617,14794,988.645,2,9,2,2019-08-12,141,3
618,14796,18086.95852936508,5,143,5,2019-10-12,80,4
619,14798,1292.9015,2,6,1,2019-12-14,17,5
620,14800,14285.779625000001,5,146,5,2019-08-08,145,3
621,14805,3692.09675,4,19,3,2019-11-22,39,5
622,14810,8112.519014285715,5,55,5,2019-12-28,3,5
623,14813,3439.8782,4,30,4,2019-02-15,319,1
624,14821,461.80000000000007,1,2,1,2019-03-27,279,1
625,14825,2580.3522857142857,3,18,3,2019-06-14,200,2
626,14828,450.5146,1,5,1,2019-08-02,151,3
627,14829,5326.285432539683,4,29,3,2019-06-12,202,2
628,14841,2844.796557142857,3,19,3,2019-06-13,201,2
629,14842,192.78400000000002,1,2,1,2019-12-27,4,5
630,14849,6627.29247936508,5,52,4,2019-11-03,58,4
631,14850,1953.4876714285715,3,22,3,2019-12-06,25,5
632,14865,56.3382,1,3,1,2019-01-30,335,1
633,14866,22.4495,1,1,1,2019-04-07,268,1
634,14867,1127.7803428571428,2,16,2,2019-08-07,146,3
635,14871,1148.3433,2,25,3,2019-05-25,220,2
636,14878,1258.1415714285715,2,13,2,2019-06-15,199,2
637,14889,679.2451,2,10,2,2019-08-06,147,3
638,14895,103.08,1,3,1,2019-09-30,92,4
639,14896,4016.2951333333335,4,32,4,2019-04-14,261,1
640,14898,2063.2046317460317,3,12,2,2019-09-12,110,3
641,14901,6208.295123809524,4,40,4,2019-05-24,221,2
642,14907,6728.0449,5,48,4,2019-05-24,221,2
643,14911,65410.3474968254,5,523,5,2019-12-21,10,5
644,14913,1169.8174857142858,2,17,3,2019-06-09,205,2
645,14916,2959.221857142857,3,15,2,2019-09-24,98,4
646,14932,957.9182444444444,2,17,3,2019-04-13,262,1
647,14944,50.8164,1,1,1,2019-07-13,171,2
648,14952,766.1527444444445,2,10,2,2019-04-29,246,2
649,14961,4448.8606500000005,4,41,4,2019-08-01,152,3
650,14970,2107.75675,3,5,1,2019-11-09,52,4
651,14976,1229.9020714285716,2,16,2,2019-09-08,114,3
652,14978,5509.030666666667,4,74,5,2019-10-31,61,4
653,14985,6421.842200000001,5,50,4,2019-06-24,190,2
654,14987,378.3612,1,2,1,2019-04-13,262,1
655,15002,4419.7745460317465,4,56,5,2019-07-20,164,2
656,15005,14890.633834920636,5,146,5,2019-12-13,18,5
657,15012,6867.802522222222,5,54,5,2019-01-09,356,1
658,15018,313.2828,1,5,1,2019-03-20,286,1
659,15021,5202.633857142857,4,57,5,2019-03-30,276,1
660,15023,10913.13735,5,105,5,2019-09-18,104,3
661,15024,6354.149057142858,5,48,4,2019-03-27,279,1
662,15028,1220.0240857142858,2,14,2,2019-03-10,296,1
663,15032,2391.0600222222224,3,30,4,2019-04-05,270,1
664,15033,4974.3763714285715,4,64,5,2019-09-01,121,3
665,15034,7304.524355555556,5,82,5,2019-07-25,159,3
666,15038,3090.244025,3,35,4,2019-02-12,322,1
667,15039,36420.60456269841,5,315,5,2019-12-05,26,5
668,15044,11597.10291825397,5,134,5,2019-08-16,137,3
669,15046,5187.636085714286,4,49,4,2019-12-12,19,5
670,15048,1962.0919142857142,3,23,3,2019-03-07,299,1
671,15052,3781.813288888889,4,30,4,2019-10-17,75,4
672,15057,3577.2845500000003,4,22,3,2019-11-16,45,4
673,15058,7842.324128571429,5,61,5,2019-12-03,28,5
674,15059,3339.2835444444445,4,30,4,2019-10-06,86,4
675,15061,20134.214795238095,5,170,5,2019-10-27,65,4
676,15062,585.0435428571428,1,11,2,2019-06-11,203,2
677,15070,592.2084444444445,1,1,1,2019-01-19,346,1
678,15078,6844.347731746032,5,56,5,2019-10-16,76,4
679,15079,5486.281,4,27,3,2019-11-20,41,4
680,15081,800.2895428571429,2,8,1,2019-03-26,280,1
681,15090,3340.0318142857145,4,23,3,2019-12-26,5,5
682,15093,4383.786477777778,4,39,4,2019-07-23,161,3
683,15100,1566.970685714286,2,6,1,2019-08-30,123,3
684,15101,329.84597142857143,1,5,1,2019-08-01,152,3
685,15107,1823.2137785714285,3,20,3,2019-12-09,22,5
686,15110,2197.2068222222224,3,9,2,2019-10-20,72,4
687,15111,3323.507688888889,4,16,2,2019-01-20,345,1
688,15139,422.95709999999997,1,8,1,2019-08-03,150,3
689,15144,4732.44985,4,19,3,2019-11-29,32,5
690,15157,3823.234085714286,4,56,5,2019-06-28,186,2
691,15159,9894.482917857144,5,80,5,2019-11-18,43,4
692,15160,586.8105,1,4,1,2019-06-27,187,2
693,15164,548.8994222222223,1,16,2,2019-07-18,166,2
694,15165,2689.8402444444446,3,27,3,2019-01-11,354,1
695,15167,3067.1269555555555,3,41,4,2019-10-08,84,4
696,15171,165.5932,1,7,1,2019-09-22,100,3
697,15174,716.4446857142857,2,11,2,2019-09-30,92,4
698,15179,4494.630088888889,4,45,4,2019-10-16,76,4
699,15180,701.8652571428572,2,6,1,2019-03-24,282,1
700,15181,81.83239999999999,1,2,1,2019-05-24,221,2
701,15189,1662.6695,2,10,2,2019-11-29,32,5
702,15192,1146.5459333333333,2,15,2,2019-04-19,256,1
703,15194,30572.815767857144,5,114,5,2019-12-02,29,5
704,15197,103.43591428571428,1,4,1,2019-08-22,131,3
705,15199,176.9666,1,3,1,2019-12-26,5,5
706,15203,320.9121142857143,1,20,3,2019-12-07,24,5
707,15204,435.87185714285715,1,9,2,2019-06-27,187,2
708,15208,104.19384444444444,1,3,1,2019-07-12,172,2
709,15211,1438.5477555555556,2,23,3,2019-04-20,255,1
710,15213,852.3245499999999,2,25,3,2019-10-22,70,4
711,15215,297.2805,1,2,1,2019-11-03,58,4
712,15218,3165.739177777778,4,28,3,2019-10-20,72,4
713,15221,453.89276666666666,1,11,2,2019-04-05,270,1
714,15222,1076.1955555555555,2,5,1,2019-10-17,75,4
715,15224,522.9551,1,16,2,2019-06-20,194,2
716,15226,1062.9272285714287,2,8,1,2019-12-12,19,5
717,15227,1323.66465,2,16,2,2019-11-03,58,4
718,15235,8910.807987301587,5,88,5,2019-12-19,12,5
719,15240,2916.4746063492066,3,17,3,2019-12-04,27,5
720,15246,407.50527142857146,1,12,2,2019-06-13,201,2
721,15260,1991.7811555555556,3,17,3,2019-01-20,345,1
722,15262,2555.624485714286,3,10,2,2019-09-27,95,4
723,15266,762.6364444444445,2,6,1,2019-07-23,161,3
724,15270,1049.8237857142858,2,18,3,2019-12-13,18,5
725,15271,4621.599977777778,4,40,4,2019-07-26,158,3
726,15279,2103.9197333333336,3,21,3,2019-07-06,178,2
727,15281,4815.5352,4,55,5,2019-10-05,87,4
728,15288,3020.2851555555553,3,26,3,2019-04-17,258,1
729,15290,816.52295,2,19,3,2019-09-04,118,3
730,15291,1253.9334289682538,2,35,4,2019-10-14,78,4
731,15296,9376.344085714287,5,61,5,2019-09-10,112,3
732,15298,2595.2547523809526,3,39,4,2019-09-20,102,3
733,15299,425.5234888888889,1,3,1,2019-01-29,336,1
734,15301,5190.9894,4,34,4,2019-03-07,299,1
735,15304,314.93257142857146,1,5,1,2019-03-06,300,1
736,15311,94336.64124642857,5,587,5,2019-12-19,12,5
737,15312,792.8728888888888,2,17,3,2019-07-07,177,2
738,15316,57.92,1,1,1,2019-09-09,113,3
739,15326,2228.87255,3,29,3,2019-08-14,139,3
740,15329,116.55882222222223,1,3,1,2019-04-19,256,1
741,15332,3485.5256611111113,4,35,4,2019-04-06,269,1
742,15339,6425.525933333333,5,41,4,2019-10-23,69,4
743,15346,1077.15075,2,17,3,2019-08-17,136,3
744,15347,116.9762,1,5,1,2019-04-07,268,1
745,15350,666.4638222222222,1,5,1,2019-01-10,355,1
746,15351,24978.776975,5,53,4,2019-02-14,320,1
747,15353,1208.6747714285714,2,12,2,2019-03-20,286,1
748,15356,12650.034139285715,5,115,5,2019-05-24,221,2
749,15358,13021.35196031746,5,122,5,2019-12-03,28,5
750,15361,635.2569,1,7,1,2019-05-12,233,2
751,15363,1431.6115555555557,2,16,2,2019-01-22,343,1
752,15365,2574.2231,3,12,2,2019-11-20,41,4
753,15366,1647.3408857142858,2,8,1,2019-06-20,194,2
754,15370,135.0751,1,8,1,2019-08-17,136,3
755,15373,3135.0340214285716,3,24,3,2019-10-30,62,4
756,15379,14308.971177777777,5,138,5,2019-09-28,94,4
757,15380,386.4354,1,1,1,2019-04-19,256,1
758,15384,2477.2105968253973,3,22,3,2019-06-05,209,2
759,15392,2173.3824714285715,3,20,3,2019-06-21,193,2
760,15394,3768.3646428571433,4,24,3,2019-06-16,198,2
761,15395,1777.6118285714288,3,7,1,2019-09-15,107,3
762,15415,9164.5849,5,48,4,2019-11-25,36,5
763,15421,866.2653714285715,2,16,2,2019-12-13,18,5
764,15422,503.0464285714286,1,6,1,2019-09-30,92,4
765,15426,8403.641300000001,5,87,5,2019-03-15,291,1
766,15443,3963.208577777778,4,51,4,2019-10-08,84,4
767,15447,761.28575,2,9,2,2019-08-27,126,3
768,15448,6584.3751,5,28,3,2019-11-27,34,5
769,15454,2135.11255,3,25,3,2019-05-10,235,2
770,15456,2015.3535428571429,3,26,3,2019-06-11,203,2
771,15460,7745.962555555556,5,58,5,2019-07-11,173,2
772,15464,16212.345333333335,5,157,5,2019-07-25,159,3
773,15465,2015.0333777777778,3,21,3,2019-10-05,87,4
774,15468,10.111250000000002,1,1,1,2019-05-23,222,2
775,15482,391.2989142857143,1,8,1,2019-06-13,201,2
776,15485,3202.2357666666667,4,43,4,2019-08-07,146,3
777,15497,1853.4599555555556,3,11,2,2019-11-27,34,5
778,15498,15746.968695238096,5,163,5,2019-10-14,78,4
779,15502,6120.6473428571435,4,40,4,2019-03-16,290,1
780,15503,5158.366,4,70,5,2019-05-03,242,2
781,15510,39.1142,1,1,1,2019-08-28,125,3
782,15512,216.81480000000002,1,6,1,2019-06-06,208,2
783,15513,5770.809833333334,4,46,4,2019-11-08,53,4
784,15514,8844.641555555556,5,113,5,2019-05-25,220,2
785,15518,5354.554091666667,4,67,5,2019-10-23,69,4
786,15525,9429.6713,5,57,5,2019-01-09,356,1
787,15527,3432.0142444444446,4,27,3,2019-11-18,43,4
788,15529,11163.247285714286,5,76,5,2019-09-27,95,4
789,15532,7868.769042857143,5,50,4,2019-06-21,193,2
790,15535,5714.9344,4,41,4,2019-09-05,117,3
791,15544,2550.7672888888887,3,26,3,2019-01-22,343,1
792,15545,4291.39575,4,31,4,2019-02-10,324,1
793,15547,10013.351200000001,5,90,5,2019-11-19,42,4
794,15549,11514.45285,5,62,5,2019-11-22,39,5
795,15555,7801.808769444445,5,96,5,2019-05-15,230,2
796,15562,92.9,1,1,1,2019-07-14,170,2
797,15563,2075.6316,3,22,3,2019-06-14,200,2
798,15569,352.72775,1,7,1,2019-08-19,134,3
799,15570,24247.97037857143,5,144,5,2019-09-01,121,3
800,15574,15305.100015873017,5,159,5,2019-06-16,198,2
801,15579,4445.09705,4,26,3,2019-11-23,38,5
802,15581,3579.5295333333333,4,49,4,2019-07-11,173,2
803,15587,720.3566666666668,2,3,1,2019-07-14,170,2
804,15589,1826.3748857142857,3,12,2,2019-12-11,20,5
805,15596,4365.162960317461,4,43,4,2019-11-08,53,4
806,15601,21533.618257142858,5,157,5,2019-11-14,47,4
807,15602,1853.7124142857144,3,17,3,2019-12-01,30,5
808,15605,2708.232,3,12,2,2019-01-10,355,1
809,15606,864.2393571428572,2,10,2,2019-09-22,100,3
810,15607,1228.5218,2,13,2,2019-08-03,150,3
811,15611,131.2682,1,3,1,2019-08-08,145,3
812,15615,5922.578514285715,4,50,4,2019-08-30,123,3
813,15620,1749.4619714285716,3,31,4,2019-06-19,195,2
814,15626,1197.778075,2,20,3,2019-08-30,123,3
815,15628,2739.8156285714285,3,19,3,2019-03-27,279,1
816,15640,12657.16773888889,5,115,5,2019-08-17,136,3
817,15641,1733.5689714285716,3,20,3,2019-06-09,205,2
818,15646,2106.4224222222224,3,17,3,2019-01-29,336,1
819,15649,103.58500000000001,1,2,1,2019-08-04,149,3
820,15658,7043.800453968254,5,28,3,2019-12-18,13,5
821,15660,784.7954222222222,2,10,2,2019-04-11,264,1
822,15661,1654.0902777777778,2,5,1,2019-11-01,60,4
823,15664,537.8471428571429,1,2,1,2019-06-12,202,2
824,15673,2978.261128571429,3,53,4,2019-09-07,115,3
825,15680,2968.922777777778,3,30,4,2019-04-06,269,1
826,15687,6598.095689285715,5,45,4,2019-12-07,24,5
827,15689,1303.95125,2,6,1,2019-05-12,233,2
828,15694,3314.2583333333337,4,24,3,2019-12-06,25,5
829,15696,4491.477371428572,4,48,4,2019-11-21,40,5
830,15708,11648.2814,5,96,5,2019-11-25,36,5
831,15713,1227.7608222222223,2,10,2,2019-05-24,221,2
832,15716,3070.46535,3,38,4,2019-02-17,317,1
833,15719,20716.287720634922,5,175,5,2019-12-18,13,5
834,15723,4335.320466666667,4,41,4,2019-04-26,249,1
835,15727,9366.17105,5,99,5,2019-08-25,128,3
836,15732,407.4684222222223,1,5,1,2019-01-25,340,1
837,15738,3083.8201523809525,3,37,4,2019-11-28,33,5
838,15749,768.6650000000001,2,5,1,2019-08-19,134,3
839,15750,3124.2106857142862,3,21,3,2019-04-18,257,1
840,15752,2014.3334222222222,3,14,2,2019-01-17,348,1
841,15759,156.63639999999998,1,4,1,2019-06-20,194,2
842,15769,1074.842838888889,2,12,2,2019-08-06,147,3
843,15777,679.677238888889,2,8,1,2019-10-28,64,4
844,15780,2504.7155000000002,3,12,2,2019-06-26,188,2
845,15781,852.8985714285714,2,5,1,2019-12-31,0,5
846,15789,2863.1980000000003,3,25,3,2019-06-19,195,2
847,15797,238.16666666666669,1,1,1,2019-10-17,75,4
848,15799,1225.4254,2,22,3,2019-08-11,142,3
849,15805,2240.339911111111,3,11,2,2019-04-22,253,1
850,15808,31376.495146825397,5,210,5,2019-12-30,1,5
851,15811,1617.7347746031746,2,23,3,2019-06-28,186,2
852,15812,384.85,1,2,1,2019-10-29,63,4
853,15820,2126.0233333333335,3,17,3,2019-10-14,78,4
854,15822,1289.9000285714287,2,16,2,2019-06-08,206,2
855,15823,838.5664,2,17,3,2019-07-28,156,3
856,15827,3771.323505555556,4,29,3,2019-11-27,34,5
857,15831,1440.141,2,18,3,2019-09-24,98,4
858,15834,127.148,1,2,1,2019-01-29,336,1
859,15835,878.4044,2,15,2,2019-08-26,127,3
860,15838,629.3914857142857,1,6,1,2019-12-10,21,5
861,15841,198.7075,1,7,1,2019-07-20,164,2
862,15845,6311.9024,5,13,2,2019-08-01,152,3
863,15854,3317.3940714285714,4,25,3,2019-12-08,23,5
864,15856,5207.970244444445,4,54,5,2019-07-15,169,2
865,15858,4436.684542857143,4,44,4,2019-03-23,283,1
866,15860,2959.9536000000003,3,15,2,2019-03-06,300,1
867,15862,10999.7584,5,64,5,2019-01-03,362,1
868,15864,1538.3241,2,9,2,2019-12-04,27,5
869,15867,14850.842661111112,5,138,5,2019-11-03,58,4
870,15880,18172.880400000002,5,106,5,2019-02-23,311,1
871,15881,5545.752600000001,4,32,4,2019-12-04,27,5
872,15882,3332.422885714286,4,17,3,2019-03-13,293,1
873,15885,32.4438,1,1,1,2019-12-19,12,5
874,15889,11648.195725000001,5,66,5,2019-02-28,306,1
875,15894,4464.72565,4,38,4,2019-02-26,308,1
876,15898,6422.227285714286,5,64,5,2019-03-22,284,1
877,15899,459.25857142857143,1,4,1,2019-03-04,302,1
878,15910,7536.54295,5,42,4,2019-11-08,53,4
879,15916,4868.020427777778,4,48,4,2019-08-29,124,3
880,15919,5967.898914285714,4,49,4,2019-03-06,300,1
881,15922,799.1372222222222,2,12,2,2019-01-22,343,1
882,15923,2563.0845333333336,3,21,3,2019-01-21,344,1
883,15938,1585.98,2,5,1,2019-09-26,96,4
884,15939,1318.860230952381,2,18,3,2019-12-07,24,5
885,15940,23.41602857142857,1,2,1,2019-12-10,21,5
886,15945,594.1981999999999,1,2,1,2019-04-16,259,1
887,15950,2594.4734000000003,3,29,3,2019-06-06,208,2
888,15953,3107.0422142857146,3,27,3,2019-08-22,131,3
889,15955,3891.0972666666667,4,20,3,2019-01-19,346,1
890,15965,2832.517485714286,3,16,2,2019-03-22,284,1
891,15967,3297.7657333333336,4,35,4,2019-10-20,72,4
892,15971,594.5622857142857,1,4,1,2019-12-10,21,5
893,15973,434.24115238095237,1,5,1,2019-07-19,165,2
894,15981,156.3757857142857,1,4,1,2019-12-08,23,5
895,15983,7749.314997222222,5,81,5,2019-05-26,219,2
896,15984,1028.3867444444445,2,17,3,2019-07-22,162,2
897,15987,405.3345428571429,1,9,2,2019-03-04,302,1
898,15996,1183.8899222222221,2,32,4,2019-04-09,266,1
899,15998,11004.184925,5,118,5,2019-05-09,236,2
900,16003,2181.8230285714285,3,20,3,2019-06-07,207,2
901,16010,4957.9947,4,24,3,2019-05-07,238,2
902,16011,7507.520134126985,5,50,4,2019-12-09,22,5
903,16013,578.965,1,12,2,2019-08-02,151,3
904,16016,8433.883657142858,5,70,5,2019-04-06,269,1
905,16019,1284.639038888889,2,27,3,2019-11-20,41,4
906,16029,6873.851047619048,5,52,4,2019-12-26,5,5
907,16030,4326.662071428572,4,29,3,2019-12-16,15,5
908,16033,11015.893553174603,5,141,5,2019-09-14,108,3
909,16034,362.155575,1,9,2,2019-08-18,135,3
910,16037,1410.4440571428572,2,15,2,2019-06-13,201,2
911,16042,664.368,1,6,1,2019-08-19,134,3
912,16043,1346.1843111111111,2,17,3,2019-10-28,64,4
913,16048,1619.0055111111112,2,8,1,2019-01-13,352,1
914,16059,3769.9761000000003,4,49,4,2019-09-06,116,3
915,16062,713.2986000000001,2,7,1,2019-04-27,248,2
916,16065,8858.750455555555,5,74,5,2019-04-15,260,1
917,16081,3842.1140285714287,4,22,3,2019-03-29,277,1
918,16083,735.5806,2,17,3,2019-05-24,221,2
919,16085,2654.281488888889,3,28,3,2019-10-06,86,4
920,16086,1108.5724,2,8,1,2019-03-22,284,1
921,16094,35.2342,1,2,1,2019-08-01,152,3
922,16098,1042.748088888889,2,12,2,2019-01-02,363,1
923,16109,851.5175,2,3,1,2019-12-24,7,5
924,16110,16820.599214285714,5,115,5,2019-12-09,22,5
925,16112,1202.0514444444445,2,10,2,2019-08-16,137,3
926,16122,1225.4136428571428,2,19,3,2019-08-17,136,3
927,16124,1087.97265,2,16,2,2019-11-14,47,4
928,16125,2307.705085714286,3,13,2,2019-03-26,280,1
929,16133,1499.9073444444446,2,13,2,2019-11-15,46,4
930,16134,3040.966720634921,3,19,3,2019-07-11,173,2
931,16138,15.784,1,1,1,2019-03-16,290,1
932,16140,1324.19145,2,7,1,2019-02-07,327,1
933,16143,4118.11913968254,4,28,3,2019-07-07,177,2
934,16145,3113.0183873015876,3,38,4,2019-08-18,135,3
935,16150,2739.2589333333335,3,26,3,2019-08-01,152,3
936,16153,1337.3719555555556,2,10,2,2019-07-05,179,2
937,16156,2300.373814285714,3,18,3,2019-12-12,19,5
938,16161,16385.278967857143,5,124,5,2019-12-10,21,5
939,16163,171.0568,1,5,1,2019-04-20,255,1
940,16168,631.0729,1,8,1,2019-10-16,76,4
941,16186,995.0715777777777,2,20,3,2019-01-25,340,1
942,16191,1933.5869595238096,3,36,4,2019-12-03,28,5
943,16202,1137.52785,2,18,3,2019-05-22,223,2
944,16203,1876.3097555555557,3,12,2,2019-08-18,135,3
945,16206,2114.664057142857,3,25,3,2019-09-05,117,3
946,16210,4841.72707936508,4,42,4,2019-12-15,16,5
947,16218,4576.4864,4,28,3,2019-01-04,361,1
948,16221,1513.5987714285716,2,12,2,2019-03-21,285,1
949,16222,13760.394066666668,5,137,5,2019-10-26,66,4
950,16233,931.6244857142858,2,12,2,2019-08-30,123,3
951,16235,1064.58945,2,9,2,2019-09-04,118,3
952,16241,7382.501905555556,5,71,5,2019-07-19,165,2
953,16244,6737.018577777778,5,63,5,2019-01-20,345,1
954,16250,2354.4298000000003,3,14,2,2019-01-02,363,1
955,16252,1930.5933555555557,3,21,3,2019-04-10,265,1
956,16255,5316.603144444444,4,60,5,2019-07-17,167,2
957,16262,747.3000000000001,2,3,1,2019-05-24,221,2
958,16265,3350.3841444444447,4,38,4,2019-04-24,251,1
959,16270,5279.8979,4,54,5,2019-07-12,172,2
960,16271,983.8809142857142,2,16,2,2019-06-20,194,2
961,16274,8301.239155555555,5,67,5,2019-01-13,352,1
962,16279,201.83620000000002,1,2,1,2019-08-13,140,3
963,16282,974.4845555555556,2,11,2,2019-07-17,167,2
964,16293,1044.3983142857144,2,16,2,2019-03-24,282,1
965,16303,2882.9989,3,35,4,2019-08-15,138,3
966,16306,599.0041785714286,1,15,2,2019-08-01,152,3
967,16315,385.71,1,14,2,2019-08-27,126,3
968,16316,3045.3044285714286,3,21,3,2019-07-22,162,2
969,16321,339.0752857142857,1,4,1,2019-09-27,95,4
970,16326,2512.616275,3,43,4,2019-11-22,39,5
971,16327,11658.3446,5,101,5,2019-11-17,44,4
972,16333,648.7645,1,2,1,2019-12-16,15,5
973,16350,1397.470763888889,2,25,3,2019-08-13,140,3
974,16351,420.14844999999997,1,8,1,2019-08-17,136,3
975,16353,1106.9880873015873,2,13,2,2019-12-20,11,5
976,16359,106.52395,1,5,1,2019-09-04,118,3
977,16365,823.107542857143,2,7,1,2019-06-09,205,2
978,16367,1857.558075,3,37,4,2019-05-06,239,2
979,16378,2275.087442857143,3,10,2,2019-12-12,19,5
980,16385,1078.5506666666668,2,21,3,2019-04-04,271,1
981,16387,59.62551111111111,1,4,1,2019-10-02,90,4
982,16393,1825.1481500000002,3,22,3,2019-05-06,239,2
983,16395,8495.872464285714,5,60,5,2019-09-26,96,4
984,16401,900.0242142857144,2,14,2,2019-09-05,117,3
985,16402,8058.33135,5,57,5,2019-02-24,310,1
986,16403,989.7606499999999,2,10,2,2019-11-30,31,5
987,16405,70.57405714285714,1,3,1,2019-12-15,16,5
988,16407,1538.8958,2,20,3,2019-11-30,31,5
989,16409,6321.63285,5,48,4,2019-11-03,58,4
990,16411,1153.415175,2,21,3,2019-02-23,311,1
991,16419,1253.6211428571428,2,17,3,2019-12-06,25,5
992,16422,5572.096419047619,4,54,5,2019-12-07,24,5
993,16424,18.5434,1,1,1,2019-07-28,156,3
994,16442,6542.17555,5,46,4,2019-05-23,222,2
995,16455,2198.7747,3,30,4,2019-05-21,224,2
996,16456,11111.386512698413,5,62,5,2019-12-28,3,5
997,16458,772.80595,2,10,2,2019-05-24,221,2
998,16470,3396.9950000000003,4,40,4,2019-06-14,200,2
999,16473,540.49775,1,8,1,2019-08-02,151,3
1000,16477,5672.574127777778,4,59,5,2019-10-11,81,4
1001,16493,159.8655,1,6,1,2019-08-30,123,3
1002,16496,6863.3703000000005,5,41,4,2019-11-05,56,4
1003,16497,3637.492527777778,4,27,3,2019-10-27,65,4
1004,16499,2315.531161111111,3,22,3,2019-06-01,213,2
1005,16500,20.16,1,1,1,2019-08-26,127,3
1006,16503,5685.146692857143,4,53,4,2019-08-28,125,3
1007,16510,2534.0524666666665,3,13,2,2019-01-24,341,1
1008,16515,3383.6545714285717,4,31,4,2019-12-07,24,5
1009,16519,120.65546666666665,1,5,1,2019-04-18,257,1
1010,16520,9053.846911111112,5,60,5,2019-04-16,259,1
1011,16523,2588.6130000000003,3,26,3,2019-11-18,43,4
1012,16525,4819.226757142857,4,39,4,2019-12-29,2,5
1013,16531,1697.0869277777776,3,14,2,2019-10-23,69,4
1014,16532,19.766666666666666,1,1,1,2019-07-21,163,2
1015,16539,4124.548238095238,4,30,4,2019-06-20,194,2
1016,16546,1893.8481111111112,3,12,2,2019-01-29,336,1
1017,16549,2179.78705,3,33,4,2019-08-10,143,3
1018,16550,4838.388428571428,4,51,4,2019-03-14,292,1
1019,16551,823.2952,2,11,2,2019-08-02,151,3
1020,16552,536.4703333333333,1,5,1,2019-01-07,358,1
1021,16553,7909.940099999999,5,18,3,2019-05-31,214,2
1022,16554,598.1178,1,2,1,2019-08-23,130,3
1023,16556,1865.1102500000002,3,16,2,2019-05-30,215,2
1024,16558,4727.033575396826,4,64,5,2019-10-12,80,4
1025,16560,3268.216885714286,4,21,3,2019-06-19,195,2
1026,16565,113.4585,1,3,1,2019-05-01,244,2
1027,16567,2716.6964000000003,3,26,3,2019-08-01,152,3
1028,16570,2387.120592857143,3,18,3,2019-12-04,27,5
1029,16579,280.731,1,1,1,2019-04-19,256,1
1030,16583,2297.740422222222,3,14,2,2019-01-05,360,1
1031,16593,8.249,1,1,1,2019-09-05,117,3
1032,16596,103.11713333333333,1,6,1,2019-04-10,265,1
1033,16600,1268.2395999999999,2,9,2,2019-07-21,163,2
1034,16607,1318.6754,2,9,2,2019-06-28,186,2
1035,16612,4200.275857142858,4,18,3,2019-12-05,26,5
1036,16618,5932.850655555556,4,35,4,2019-10-03,89,4
1037,16634,1235.376777777778,2,8,1,2019-01-30,335,1
1038,16638,508.0746857142857,1,12,2,2019-09-02,120,3
1039,16654,813.4316,2,9,2,2019-03-16,290,1
1040,16655,3021.25385,3,39,4,2019-08-22,131,3
1041,16656,199.48947777777778,1,11,2,2019-11-03,58,4
1042,16658,1256.8224,2,8,1,2019-03-14,292,1
1043,16660,46.459777777777774,1,4,1,2019-10-14,78,4
1044,16665,1265.7595000000001,2,9,2,2019-05-10,235,2
1045,16670,4596.925928571429,4,52,4,2019-09-14,108,3
1046,16676,1090.0849666666666,2,29,3,2019-07-28,156,3
1047,16679,116.98373333333333,1,3,1,2019-04-05,270,1
1048,16684,7299.631861904762,5,57,5,2019-12-17,14,5
1049,16686,9837.914566666666,5,87,5,2019-07-04,180,2
1050,16700,4987.391216666667,4,52,4,2019-11-09,52,4
1051,16701,1758.542625,3,20,3,2019-08-22,131,3
1052,16705,4255.414415873016,4,60,5,2019-12-08,23,5
1053,16710,6263.660214285715,4,75,5,2019-05-31,214,2
1054,16711,21.3282,1,1,1,2019-06-27,187,2
1055,16713,10652.256777777779,5,106,5,2019-07-07,177,2
1056,16714,14211.97945,5,93,5,2019-11-01,60,4
1057,16716,88.96514285714285,1,1,1,2019-12-10,21,5
1058,16717,1381.0761222222222,2,18,3,2019-12-13,18,5
1059,16718,5459.638575,4,45,4,2019-02-22,312,1
1060,16719,8164.246204761906,5,60,5,2019-07-21,163,2
1061,16722,3124.706443650794,3,42,4,2019-05-24,221,2
1062,16725,15788.225945238097,5,133,5,2019-12-26,5,5
1063,16726,944.8732,2,20,3,2019-05-16,229,2
1064,16727,4462.256477777778,4,46,4,2019-04-30,245,2
1065,16730,3513.071688888889,4,14,2,2019-10-16,76,4
1066,16735,4072.0224000000003,4,47,4,2019-08-10,143,3
1067,16743,2969.963257142857,3,30,4,2019-06-15,199,2
1068,16745,7034.884942857143,5,58,5,2019-12-30,1,5
1069,16746,4297.8826,4,47,4,2019-09-05,117,3
1070,16748,2281.981507142857,3,19,3,2019-12-19,12,5
1071,16752,1200.8483333333334,2,9,2,2019-01-21,344,1
1072,16754,164.5906,1,2,1,2019-01-30,335,1
1073,16755,2113.7157,3,16,2,2019-11-17,44,4
1074,16757,1026.1508888888889,2,7,1,2019-10-20,72,4
1075,16767,7928.082525000001,5,50,4,2019-11-10,51,4
1076,16770,11525.990957936508,5,67,5,2019-11-24,37,5
1077,16771,14445.657053968254,5,105,5,2019-12-13,18,5
1078,16775,3754.1466571428573,4,30,4,2019-08-29,124,3
1079,16779,7103.999414285715,5,75,5,2019-12-10,21,5
1080,16781,2434.2122444444444,3,19,3,2019-04-19,256,1
1081,16782,13635.042314285714,5,119,5,2019-11-06,55,4
1082,16791,3980.2522750000003,4,53,4,2019-08-21,132,3
1083,16795,5937.3432,4,66,5,2019-04-18,257,1
1084,16805,4832.320925,4,55,5,2019-05-31,214,2
1085,16810,52.24125,1,1,1,2019-05-23,222,2
1086,16812,2374.58225,3,15,2,2019-05-26,219,2
1087,16814,9855.059813492064,5,92,5,2019-12-16,15,5
1088,16816,3514.7904,4,20,3,2019-11-26,35,5
1089,16817,2223.005142857143,3,19,3,2019-06-02,212,2
1090,16833,2022.7002,3,18,3,2019-08-10,143,3
1091,16835,319.5009111111111,1,5,1,2019-01-16,349,1
1092,16839,2080.7166301587304,3,26,3,2019-11-27,34,5
1093,16843,2467.2304857142863,3,19,3,2019-09-07,115,3
1094,16850,1852.1237500000002,3,19,3,2019-08-14,139,3
1095,16858,700.5253142857143,2,13,2,2019-04-07,268,1
1096,16861,47.742428571428576,1,2,1,2019-03-16,290,1
1097,16863,1528.4184,2,10,2,2019-05-22,223,2
1098,16873,4097.81165,4,70,5,2019-07-09,175,2
1099,16875,2602.055327777778,3,28,3,2019-08-17,136,3
1100,16882,267.8,1,1,1,2019-11-04,57,4
1101,16883,2788.2031500000003,3,17,3,2019-02-01,333,1
1102,16885,5754.5031,4,30,4,2019-06-29,185,2
1103,16889,6100.86435,4,48,4,2019-08-02,151,3
1104,16891,9970.341025,5,69,5,2019-02-02,332,1
1105,16892,82.96828571428571,1,1,1,2019-09-28,94,4
1106,16893,5439.748857142858,4,45,4,2019-03-30,276,1
1107,16897,4577.909500000001,4,30,4,2019-11-22,39,5
1108,16898,4283.914900000001,4,33,4,2019-04-18,257,1
1109,16899,1085.0767,2,16,2,2019-05-30,215,2
1110,16904,8608.529457142859,5,76,5,2019-09-21,101,3
1111,16905,1312.3243000000002,2,10,2,2019-02-01,333,1
1112,16907,4372.994477777778,4,34,4,2019-04-20,255,1
1113,16912,1541.0178571428573,2,13,2,2019-09-30,92,4
1114,16916,3948.6944222222223,4,50,4,2019-01-23,342,1
1115,16918,3446.5801500000002,4,31,4,2019-11-04,57,4
1116,16919,9521.44,5,65,5,2019-05-31,214,2
1117,16923,19236.9005,5,125,5,2019-11-22,39,5
1118,16926,707.0913499999999,2,14,2,2019-02-04,330,1
1119,16927,45.834199999999996,1,2,1,2019-05-15,230,2
1120,16928,1805.2086444444444,3,11,2,2019-10-03,89,4
1121,16931,13869.897053968254,5,129,5,2019-10-07,85,4
1122,16938,2819.1949285714286,3,14,2,2019-12-21,10,5
1123,16943,1737.6849333333332,3,21,3,2019-10-26,66,4
1124,16945,1680.3175142857144,3,19,3,2019-06-22,192,2
1125,16948,971.295142857143,2,5,1,2019-09-15,107,3
1126,16949,931.9382,2,5,1,2019-11-08,53,4
1127,16950,188.50714285714287,1,3,1,2019-03-24,282,1
1128,16954,634.9002571428572,1,12,2,2019-06-03,211,2
1129,16955,1561.8169444444445,2,16,2,2019-08-06,147,3
1130,16983,1489.1635444444444,2,23,3,2019-10-11,81,4
1131,16985,5182.855100000001,4,33,4,2019-12-12,19,5
1132,16992,85.81042857142857,1,2,1,2019-12-14,17,5
1133,16995,27.1854,1,1,1,2019-01-30,335,1
1134,16996,400.57224761904763,1,6,1,2019-07-13,171,2
1135,16997,1047.2489714285716,2,8,1,2019-12-19,12,5
1136,17001,2134.814793650794,3,32,4,2019-10-17,75,4
1137,17007,1685.2299142857144,3,13,2,2019-07-12,172,2
1138,17017,9558.408823809525,5,75,5,2019-06-01,213,2
1139,17018,834.2206857142858,2,6,1,2019-09-14,108,3
1140,17019,10085.590864285714,5,90,5,2019-08-27,126,3
1141,17025,1279.0737777777779,2,5,1,2019-01-14,351,1
1142,17026,173.74040000000002,1,3,1,2019-02-20,314,1
1143,17027,4136.9305,4,43,4,2019-11-01,60,4
1144,17033,650.0047428571429,1,8,1,2019-06-07,207,2
1145,17035,2258.5887142857146,3,18,3,2019-12-07,24,5
1146,17041,889.364325,2,18,3,2019-05-24,221,2
1147,17044,78.9824,1,3,1,2019-06-12,202,2
1148,17048,1463.5474000000002,2,16,2,2019-10-05,87,4
1149,17059,11388.7237,5,117,5,2019-02-18,316,1
1150,17062,7677.061243650794,5,71,5,2019-11-22,39,5
1151,17064,5180.907114285715,4,23,3,2019-09-07,115,3
1152,17068,7836.227957142858,5,69,5,2019-11-29,32,5
1153,17069,2870.126088888889,3,30,4,2019-07-14,170,2
1154,17071,1665.5397142857146,2,17,3,2019-12-15,16,5
1155,17075,487.5183777777778,1,18,3,2019-10-31,61,4
1156,17076,1284.6279555555557,2,7,1,2019-04-23,252,1
1157,17082,583.4914444444445,1,24,3,2019-10-27,65,4
1158,17085,7008.657036111112,5,86,5,2019-07-06,178,2
1159,17090,124.59175555555555,1,2,1,2019-07-08,176,2
1160,17091,4667.68909047619,4,53,4,2019-10-23,69,4
1161,17094,2145.4707333333336,3,15,2,2019-10-27,65,4
1162,17095,857.60185,2,17,3,2019-08-22,131,3
1163,17097,7493.627850793651,5,63,5,2019-09-23,99,4
1164,17105,6393.094071428572,5,38,4,2019-12-30,1,5
1165,17114,3469.7235250000003,4,29,3,2019-08-08,145,3
1166,17118,2044.4089777777779,3,10,2,2019-10-30,62,4
1167,17126,8067.875775,5,63,5,2019-05-05,240,2
1168,17128,1141.97485,2,14,2,2019-08-09,144,3
1169,17135,1710.3040222222223,3,9,2,2019-01-31,334,1
1170,17146,2946.3591142857144,3,16,2,2019-06-15,199,2
1171,17147,1316.7047714285716,2,18,3,2019-12-04,27,5
1172,17158,2635.5387,3,25,3,2019-05-29,216,2
1173,17179,2307.17885,3,20,3,2019-05-17,228,2
1174,17180,7394.8678500000005,5,55,5,2019-11-16,45,4
1175,17181,374.2782,1,2,1,2019-01-07,358,1
1176,17188,4159.568811111111,4,37,4,2019-11-20,41,4
1177,17189,5315.634771428572,4,38,4,2019-06-12,202,2
1178,17191,10022.44152857143,5,72,5,2019-03-16,290,1
1179,17194,1880.1801,3,28,3,2019-05-25,220,2
1180,17198,11821.783897222223,5,77,5,2019-04-17,258,1
1181,17204,399.70000000000005,1,3,1,2019-07-06,178,2
1182,17211,5912.295336111111,4,75,5,2019-07-12,172,2
1183,17213,4562.301488888889,4,53,4,2019-11-11,50,4
1184,17214,2568.6960285714285,3,27,3,2019-12-19,12,5
1185,17218,10488.895946428573,5,119,5,2019-08-11,142,3
1186,17220,9305.018625,5,69,5,2019-11-28,33,5
1187,17223,9348.975071428571,5,49,4,2019-12-14,17,5
1188,17226,2834.6791857142857,3,21,3,2019-12-22,9,5
1189,17227,340.9597,1,10,2,2019-03-05,301,1
1190,17228,4968.949077777778,4,48,4,2019-12-06,25,5
1191,17230,8213.15893809524,5,60,5,2019-12-12,19,5
1192,17231,9624.605771428573,5,85,5,2019-09-26,96,4
1193,17235,2118.0045555555557,3,10,2,2019-01-23,342,1
1194,17236,3073.2298333333333,3,33,4,2019-10-23,69,4
1195,17238,12058.519744444446,5,86,5,2019-10-04,88,4
1196,17239,3305.407788888889,4,16,2,2019-11-27,34,5
1197,17243,7599.343836904763,5,64,5,2019-10-05,87,4
1198,17251,2530.6947,3,39,4,2019-05-03,242,2
1199,17256,1261.5393428571429,2,12,2,2019-12-01,30,5
1200,17259,7256.2696428571435,5,87,5,2019-03-11,295,1
1201,17262,23.721333333333334,1,2,1,2019-04-05,270,1
1202,17277,5123.4243,4,52,4,2019-10-03,89,4
1203,17284,8199.94825,5,131,5,2019-08-05,148,3
1204,17287,2600.8539079365078,3,22,3,2019-03-21,285,1
1205,17288,1745.0816571428572,3,12,2,2019-09-11,111,3
1206,17291,139.93,1,1,1,2019-12-24,7,5
1207,17293,2932.332007142857,3,25,3,2019-12-27,4,5
1208,17303,3339.74915,4,53,4,2019-05-16,229,2
1209,17306,254.05204444444445,1,9,2,2019-11-03,58,4
1210,17307,28.6442,1,1,1,2019-04-19,256,1
1211,17311,4681.3332,4,24,3,2019-11-07,54,4
1212,17314,4546.172685714286,4,26,3,2019-12-04,27,5
1213,17315,11013.563296825398,5,85,5,2019-12-26,5,5
1214,17320,2109.263885714286,3,22,3,2019-03-18,288,1
1215,17324,2246.9791222222225,3,17,3,2019-08-22,131,3
1216,17329,3019.8663500000002,3,16,2,2019-11-21,40,5
1217,17334,2244.2386,3,10,2,2019-12-20,11,5
1218,17337,47685.70882857143,5,260,5,2019-12-15,16,5
1219,17338,8665.0763,5,122,5,2019-08-24,129,3
1220,17339,50.432,1,4,1,2019-04-18,257,1
1221,17340,12709.604166666668,5,137,5,2019-07-11,173,2
1222,17341,14257.723522222223,5,161,5,2019-04-03,272,1
1223,17343,1352.2637111111112,2,17,3,2019-07-05,179,2
1224,17346,3999.780873015873,4,47,4,2019-06-05,209,2
1225,17356,2377.226542857143,3,19,3,2019-12-05,26,5
1226,17358,5674.260111111112,4,42,4,2019-07-03,181,2
1227,17362,1333.9111142857143,2,12,2,2019-12-16,15,5
1228,17364,2783.21885,3,52,4,2019-09-30,92,4
1229,17365,5833.87375,4,79,5,2019-08-18,135,3
1230,17368,3357.039388888889,4,42,4,2019-10-27,65,4
1231,17371,1730.3708000000001,3,8,1,2019-05-19,226,2
1232,17372,10611.732275,5,95,5,2019-11-03,58,4
1233,17373,2658.194,3,17,3,2019-11-28,33,5
1234,17375,5619.607378571429,4,43,4,2019-12-03,28,5
1235,17376,802.6742285714286,2,13,2,2019-12-09,22,5
1236,17377,5011.0791714285715,4,45,4,2019-06-29,185,2
1237,17381,3445.7292142857145,4,19,3,2019-12-22,9,5
1238,17389,2957.6982000000003,3,17,3,2019-12-03,28,5
1239,17392,9724.415557142858,5,62,5,2019-12-28,3,5
1240,17396,46.0146,1,3,1,2019-01-31,334,1
1241,17400,7850.100733333333,5,37,4,2019-07-13,171,2
1242,17402,2885.2172,3,27,3,2019-09-02,120,3
1243,17404,5442.8787357142855,4,48,4,2019-11-17,44,4
1244,17406,9893.063446428572,5,116,5,2019-08-28,125,3
1245,17411,218.2468666666667,1,2,1,2019-04-13,262,1
1246,17412,3016.448031746032,3,21,3,2019-06-22,192,2
1247,17418,1352.4133142857143,2,12,2,2019-09-27,95,4
1248,17419,3186.062542857143,4,37,4,2019-09-20,102,3
1249,17420,650.5532000000001,1,7,1,2019-01-02,363,1
1250,17428,2996.500992857143,3,50,4,2019-08-17,136,3
1251,17430,1522.9444444444446,2,5,1,2019-04-15,260,1
1252,17431,8124.03845,5,43,4,2019-11-25,36,5
1253,17442,304.1933333333334,1,1,1,2019-04-19,256,1
1254,17446,944.325,2,5,1,2019-12-13,18,5
1255,17449,9169.794714285716,5,73,5,2019-06-05,209,2
1256,17450,3924.6885535714287,4,74,5,2019-08-17,136,3
1257,17454,1352.1404571428573,2,9,2,2019-06-04,210,2
1258,17456,1106.344,2,17,3,2019-04-19,256,1
1259,17457,1122.7023428571429,2,8,1,2019-12-20,11,5
1260,17460,604.9115777777778,1,8,1,2019-10-26,66,4
1261,17463,12524.176875000001,5,94,5,2019-11-26,35,5
1262,17470,1443.0114857142858,2,11,2,2019-03-19,287,1
1263,17491,476.6310571428571,1,13,2,2019-09-15,107,3
1264,17496,384.3443285714286,1,10,2,2019-06-12,202,2
1265,17504,2565.802866666667,3,27,3,2019-10-01,91,4
1266,17507,7576.506442857143,5,45,4,2019-12-20,11,5
1267,17511,23930.872757142857,5,213,5,2019-12-10,21,5
1268,17515,3198.2542000000003,4,31,4,2019-10-26,66,4
1269,17517,1477.3151285714287,2,11,2,2019-12-22,9,5
1270,17519,2236.6185142857144,3,19,3,2019-05-22,223,2
1271,17524,363.6214,1,6,1,2019-05-17,228,2
1272,17525,514.2290714285714,1,9,2,2019-06-06,208,2
1273,17526,635.0935666666667,1,7,1,2019-05-23,222,2
1274,17530,6560.0169888888895,5,65,5,2019-04-22,253,1
1275,17540,430.79875,1,8,1,2019-11-12,49,4
1276,17547,209.6233777777778,1,2,1,2019-01-25,340,1
1277,17548,704.1507111111111,2,7,1,2019-01-03,362,1
1278,17551,3389.851485714286,4,43,4,2019-06-09,205,2
1279,17552,1412.359688888889,2,13,2,2019-01-31,334,1
1280,17555,4957.217825,4,49,4,2019-08-09,144,3
1281,17560,345.46614285714287,1,4,1,2019-12-12,19,5
1282,17567,2928.9950222222224,3,27,3,2019-01-26,339,1
1283,17569,2234.4172000000003,3,29,3,2019-08-21,132,3
1284,17572,483.9009777777778,1,4,1,2019-01-09,356,1
1285,17576,7915.030282539683,5,44,4,2019-09-19,103,3
1286,17580,5973.915514285714,4,44,4,2019-11-30,31,5
1287,17581,6583.502472222222,5,65,5,2019-08-31,122,3
1288,17585,3914.1637444444445,4,28,3,2019-07-24,160,3
1289,17591,8441.926893650794,5,99,5,2019-11-03,58,4
1290,17593,1032.7621666666666,2,26,3,2019-07-13,171,2
1291,17596,6641.181085714286,5,60,5,2019-03-08,298,1
1292,17602,15403.432042857145,5,103,5,2019-09-25,97,4
1293,17604,5191.792614285715,4,27,3,2019-12-02,29,5
1294,17609,9596.608057142857,5,100,5,2019-09-07,115,3
1295,17611,22401.016503968254,5,193,5,2019-10-09,83,4
1296,17616,137.4,1,1,1,2019-03-19,287,1
1297,17618,3172.197825,4,53,4,2019-05-11,234,2
1298,17619,8332.609642857144,5,77,5,2019-12-01,30,5
1299,17621,2931.7305055555557,3,15,2,2019-11-29,32,5
1300,17629,1655.031392857143,2,12,2,2019-08-17,136,3
1301,17633,32.95457142857143,1,1,1,2019-06-12,202,2
1302,17634,4971.878033333333,4,74,5,2019-07-28,156,3
1303,17643,709.7898,2,8,1,2019-01-12,353,1
1304,17644,23.818,1,1,1,2019-10-05,87,4
1305,17646,1096.3040555555556,2,9,2,2019-04-18,257,1
1306,17655,364.6178095238095,1,11,2,2019-06-20,194,2
1307,17659,1886.3470444444445,3,17,3,2019-06-21,193,2
1308,17671,491.59377777777775,1,17,3,2019-04-18,257,1
1309,17672,6310.662385714286,4,41,4,2019-12-18,13,5
1310,17673,9019.148022222224,5,44,4,2019-10-11,81,4
1311,17674,573.8476714285714,1,11,2,2019-03-04,302,1
1312,17675,7194.793593650795,5,61,5,2019-12-04,27,5
1313,17676,1591.1921777777777,2,15,2,2019-04-05,270,1
1314,17677,4060.903450793651,4,44,4,2019-10-23,69,4
1315,17682,1727.5425,3,18,3,2019-03-13,293,1
1316,17685,4514.324119047619,4,41,4,2019-12-27,4,5
1317,17690,9349.237450793651,5,76,5,2019-09-11,111,3
1318,17691,877.8956857142857,2,19,3,2019-06-21,193,2
1319,17692,3612.261328571429,4,25,3,2019-06-08,206,2
1320,17696,1371.6025333333332,2,8,1,2019-08-01,152,3
1321,17700,64.1112,1,3,1,2019-04-19,256,1
1322,17702,660.3981111111111,1,5,1,2019-04-17,258,1
1323,17706,3145.7593,3,28,3,2019-03-29,277,1
1324,17707,49.04325,1,3,1,2019-08-04,149,3
1325,17708,4237.836485714286,4,26,3,2019-09-20,102,3
1326,17714,668.5042,1,10,2,2019-10-05,87,4
1327,17720,64.3082,1,1,1,2019-03-20,286,1
1328,17722,8225.181130158731,5,80,5,2019-11-03,58,4
1329,17730,1682.0844000000002,3,18,3,2019-10-23,69,4
1330,17732,2356.5040444444444,3,18,3,2019-01-17,348,1
1331,17735,8439.082092063492,5,57,5,2019-10-30,62,4
1332,17739,1011.2557750000001,2,12,2,2019-08-16,137,3
1333,17742,1424.1186,2,13,2,2019-08-17,136,3
1334,17744,3043.3685285714287,3,51,4,2019-09-30,92,4
1335,17752,179.8,1,1,1,2019-06-12,202,2
1336,17757,10813.761234126985,5,123,5,2019-11-14,47,4
1337,17760,1104.6391333333333,2,9,2,2019-01-13,352,1
1338,17769,4895.864177777778,4,34,4,2019-10-06,86,4
1339,17771,3242.3996000000006,4,22,3,2019-09-28,94,4
1340,17786,2600.14095,3,28,3,2019-11-02,59,4
1341,17787,8761.484057142858,5,79,5,2019-09-27,95,4
1342,17790,2449.641408730159,3,24,3,2019-06-25,189,2
1343,17796,12125.54905,5,78,5,2019-11-23,38,5
1344,17799,11618.550144444445,5,119,5,2019-10-14,78,4
1345,17800,728.5832,2,12,2,2019-08-10,143,3
1346,17802,973.6852666666666,2,12,2,2019-01-24,341,1
1347,17809,1118.40415,2,15,2,2019-02-04,330,1
1348,17811,17000.539511904764,5,121,5,2019-12-11,20,5
1349,17812,2282.2082,3,33,4,2019-03-18,288,1
1350,17816,2349.6497888888885,3,10,2,2019-04-18,257,1
1351,17819,1552.0728,2,14,2,2019-05-08,237,2
1352,17820,567.5088571428571,1,3,1,2019-06-12,202,2
1353,17827,9038.81828888889,5,112,5,2019-04-26,249,1
1354,17838,5478.196711111111,4,43,4,2019-04-20,255,1
1355,17841,63331.68477063492,5,572,5,2019-12-14,17,5
1356,17848,311.6480785714286,1,13,2,2019-12-15,16,5
1357,17849,1830.2835,3,8,1,2019-08-14,139,3
1358,17850,42902.26238888889,5,297,5,2019-01-26,339,1
1359,17855,1748.0166444444444,3,17,3,2019-01-17,348,1
1360,17857,775.0330555555556,2,5,1,2019-06-20,194,2
1361,17858,6036.996171428572,4,35,4,2019-10-10,82,4
1362,17860,4640.397271428572,4,58,5,2019-03-09,297,1
1363,17861,1019.0886222222223,2,8,1,2019-10-13,79,4
1364,17862,1436.424685714286,2,11,2,2019-09-27,95,4
1365,17863,5045.4063857142855,4,48,4,2019-12-11,20,5
1366,17865,6159.576400000001,4,42,4,2019-06-28,186,2
1367,17869,1118.519785714286,2,16,2,2019-03-19,287,1
1368,17870,53.5882,1,1,1,2019-03-27,279,1
1369,17873,1318.6754444444446,2,9,2,2019-01-12,353,1
1370,17880,2349.363788888889,3,26,3,2019-04-24,251,1
1371,17884,11858.478142857144,5,93,5,2019-12-05,26,5
1372,17888,1170.4490666666666,2,18,3,2019-10-31,61,4
1373,17889,1336.851488888889,2,12,2,2019-10-05,87,4
1374,17890,9398.61226388889,5,94,5,2019-10-02,90,4
1375,17894,12954.956333333334,5,115,5,2019-11-30,31,5
1376,17897,7727.283114285715,5,73,5,2019-03-26,280,1
1377,17905,2099.8562333333334,3,28,3,2019-07-14,170,2
1378,17908,6641.552155555556,5,58,5,2019-01-04,361,1
1379,17912,2247.471761904762,3,40,4,2019-12-13,18,5
1380,17913,1555.3736142857144,2,31,4,2019-06-30,184,2
1381,17917,3377.9879,4,29,3,2019-05-07,238,2
1382,17920,14214.869858730159,5,105,5,2019-11-21,40,5
1383,17924,313.4839,1,5,1,2019-07-07,177,2
1384,17925,29.6162,1,1,1,2019-01-17,348,1
1385,17929,385.09857142857146,1,2,1,2019-12-21,10,5
1386,17937,1301.5339999999999,2,18,3,2019-05-18,227,2
1387,17949,88.28365000000001,1,2,1,2019-07-26,158,3
1388,17950,8411.251211111112,5,40,4,2019-04-19,256,1
1389,17951,1049.2862222222222,2,10,2,2019-07-08,176,2
1390,17954,9296.049350000001,5,84,5,2019-09-03,119,3
1391,17961,12661.848209523809,5,81,5,2019-12-13,18,5
1392,17964,5355.771222222223,4,35,4,2019-01-23,342,1
1393,17965,6334.11676547619,5,92,5,2019-11-19,42,4
1394,17967,5834.03535,4,48,4,2019-02-01,333,1
1395,17968,10317.392555555556,5,85,5,2019-01-06,359,1
1396,17969,190.88694999999998,1,7,1,2019-05-19,226,2
1397,17975,15026.941981349206,5,89,5,2019-12-12,19,5
1398,17976,6486.8176,5,65,5,2019-01-24,341,1
1399,17978,691.1502333333333,2,12,2,2019-04-17,258,1
1400,17980,972.0616857142858,2,15,2,2019-06-11,203,2
1401,17988,2633.0478857142857,3,13,2,2019-09-11,111,3
1402,17990,1359.4393861111112,2,12,2,2019-07-12,172,2
1403,17999,4955.363711111111,4,38,4,2019-04-07,268,1
1404,18004,4068.8135,4,40,4,2019-05-10,235,2
1405,18008,559.0966666666667,1,12,2,2019-10-22,70,4
1406,18011,2014.5494666666668,3,28,3,2019-01-16,349,1
1407,18016,3674.7315750000002,4,40,4,2019-11-21,40,5
1408,18017,29.5808,1,1,1,2019-12-13,18,5
1409,18032,79.99955,1,5,1,2019-08-11,142,3
1410,18037,580.09845,1,8,1,2019-10-04,88,4
1411,18041,19082.167461904763,5,163,5,2019-12-13,18,5
1412,18043,7057.007100000001,5,66,5,2019-03-31,275,1
1413,18044,940.4764,2,6,1,2019-05-25,220,2
1414,18050,915.5502,2,5,1,2019-06-09,205,2
1415,18055,11985.270507142857,5,96,5,2019-12-05,26,5
1416,18061,1450.2324,2,11,2,2019-10-01,91,4
1417,18062,151.07462222222222,1,5,1,2019-07-26,158,3
1418,18065,2114.1675333333333,3,22,3,2019-06-20,194,2
1419,18069,7183.199114285715,5,77,5,2019-09-06,116,3
1420,18071,733.1180666666667,2,14,2,2019-04-12,263,1
1421,18074,2138.930577777778,3,13,2,2019-01-02,363,1
1422,18075,3563.8474984126983,4,36,4,2019-11-16,45,4
1423,18077,7178.1371301587305,5,63,5,2019-10-19,73,4
1424,18085,2820.9518111111115,3,29,3,2019-08-29,124,3
1425,18092,1892.9022333333335,3,21,3,2019-08-29,124,3
1426,18095,1709.50235,3,21,3,2019-11-29,32,5
1427,18097,1807.2408222222223,3,16,2,2019-07-16,168,2
1428,18102,2833.715914285715,3,18,3,2019-04-17,258,1
1429,18106,4332.7063,4,39,4,2019-08-31,122,3
1430,18109,4650.486149206349,4,72,5,2019-09-17,105,3
1431,18113,139.07459999999998,1,1,1,2019-03-08,298,1
1432,18116,13492.02141904762,5,155,5,2019-07-16,168,2
1433,18118,27140.989381349205,5,250,5,2019-09-16,106,3
1434,18119,2296.242685714286,3,30,4,2019-03-21,285,1
1435,18125,13909.700025,5,83,5,2019-11-13,48,4
1436,18136,2051.576577777778,3,18,3,2019-10-14,78,4
1437,18141,41.8484,1,1,1,2019-05-23,222,2
1438,18144,681.1295666666666,2,10,2,2019-10-21,71,4
1439,18145,4845.78695,4,42,4,2019-11-28,33,5
1440,18156,4459.9511,4,55,5,2019-02-17,317,1
1441,18161,947.8690444444444,2,15,2,2019-10-13,79,4
1442,18168,4849.3226476190475,4,44,4,2019-06-05,209,2
1443,18171,1673.35985,3,15,2,2019-08-13,140,3
1444,18176,3342.52890952381,4,33,4,2019-07-12,172,2
1445,18178,3646.6719603174606,4,35,4,2019-12-19,12,5
1446,18179,2665.8707428571433,3,35,4,2019-09-12,110,3
1447,18190,539.35235,1,10,2,2019-09-18,104,3
1448,18193,17.513333333333332,1,1,1,2019-04-06,269,1
1449,18198,3113.4043607142858,3,27,3,2019-12-11,20,5
1450,18202,6217.615714285715,4,23,3,2019-12-08,23,5
1451,18212,4080.155128571429,4,43,4,2019-09-14,108,3
1452,18219,1553.3307857142856,2,24,3,2019-05-26,219,2
1453,18223,6138.09848888889,4,60,5,2019-10-05,87,4
1454,18225,145.11,1,3,1,2019-04-19,256,1
1455,18226,1447.5417777777777,2,22,3,2019-08-23,130,3
1456,18229,3030.688077777778,3,17,3,2019-08-30,123,3
1457,18230,184.39901587301588,1,2,1,2019-06-12,202,2
1458,18233,162.35714285714286,1,1,1,2019-09-14,108,3
1459,18239,7227.863044444444,5,52,4,2019-11-27,34,5
1460,18245,9118.380033333335,5,55,5,2019-11-28,33,5
1461,18250,3583.507371428572,4,21,3,2019-12-13,18,5
1462,18256,83.3536,1,4,1,2019-07-05,179,2
1463,18259,888.5615333333333,2,7,1,2019-04-05,270,1
1464,18260,3620.1985333333337,4,40,4,2019-10-05,87,4
1465,18269,175.72962222222222,1,8,1,2019-06-20,194,2
1466,18277,333.8,1,1,1,2019-10-23,69,4
1467,18283,8004.647733333333,5,102,5,2019-10-10,82,4
