,CustomerID,Total_Orders,Tenure_Months,Discount_Orders,Avg_Discount,Avg_Invoice,Location,CLV_Category
0,12346,1,31,2.0,30.0,100.49157142857142,New York,Medium
1,12347,31,20,20.0,8.0,296.2058461904762,New York,Low
2,12348,8,39,11.0,11.73913043478261,88.9895153899241,California,High
3,12350,11,25,6.0,10.588235294117647,110.43099663865547,California,High
4,12356,13,31,11.0,9.166666666666666,70.89264523809524,Chicago,Low
5,12359,3,41,2.0,2.5,50.1910453125,New York,Low
6,12370,44,21,20.0,4.666666666666667,96.58904079365081,New York,Medium
7,12373,5,23,3.0,6.428571428571429,48.501385714285725,New York,Medium
8,12377,37,27,21.0,3.7662337662337664,156.69232705627704,California,High
9,12383,39,32,21.0,4.63768115942029,92.33819260984588,New York,Low
10,12386,6,38,6.0,14.0,85.48010031746033,California,Medium
11,12388,10,31,1.0,1.5789473684210527,48.14299323308271,Chicago,Medium
12,12393,13,39,9.0,8.181818181818182,133.29853181818183,Chicago,Low
13,12395,14,10,9.0,7.5,60.389564285714286,New Jersey,Low
14,12402,6,22,6.0,16.363636363636363,95.06594545454548,California,Medium
15,12410,14,8,4.0,4.615384615384615,111.7968456043956,California,High
16,12413,10,15,12.0,4.615384615384615,140.72340256410257,New Jersey,Medium
17,12414,6,43,1.0,4.285714285714286,102.71307346938775,New York,Medium
18,12415,24,29,14.0,3.1914893617021276,76.56942411347518,Chicago,Medium
19,12417,15,37,11.0,6.0,76.78555574074075,California,Medium
20,12421,6,38,8.0,7.2727272727272725,224.1609454545455,California,Medium
21,12422,9,50,5.0,11.538461538461538,117.40718681318683,Chicago,High
22,12423,8,9,7.0,4.375,64.37965208333333,New York,Medium
23,12427,3,37,6.0,8.461538461538462,130.6940064102564,New York,Medium
24,12429,10,43,6.0,3.0,152.80489722222222,New Jersey,Low
25,12431,32,14,14.0,5.909090909090909,155.75337025613274,New Jersey,Medium
26,12433,55,32,46.0,3.1506849315068495,135.02006894977168,California,Medium
27,12434,1,32,2.0,13.333333333333334,19.354666666666663,Chicago,Low
28,12437,14,50,3.0,3.3333333333333335,157.8468138888889,New Jersey,Low
29,12441,11,39,7.0,19.09090909090909,225.6852467532468,Chicago,High
30,12451,57,49,34.0,10.099009900990099,134.18119476661954,Washington DC,Medium
31,12464,6,26,3.0,15.0,309.0849547619048,New York,High
32,12468,7,9,3.0,5.0,137.40764583333336,California,High
33,12471,70,11,40.0,6.40625,137.0227088169643,California,Medium
34,12472,67,2,52.0,6.190476190476191,122.58757100970017,New Jersey,Medium
35,12474,27,17,15.0,6.388888888888889,233.86274448853615,New York,High
36,12476,13,14,10.0,7.407407407407407,154.50156296296296,Chicago,Medium
37,12477,2,10,1.0,15.0,165.7165,California,High
38,12480,14,22,15.0,7.142857142857143,41.40208690476191,California,Medium
39,12481,13,49,13.0,4.565217391304348,309.87669891304347,California,High
40,12483,6,39,2.0,1.4285714285714286,85.24705873015874,New York,Medium
41,12484,35,44,38.0,7.755102040816326,77.42245408163267,California,Low
42,12489,6,2,4.0,6.153846153846154,57.76523846153846,California,Medium
43,12490,22,26,15.0,6.976744186046512,85.47211046511629,New York,Low
44,12494,5,28,4.0,11.428571428571429,74.48610884353741,California,Low
45,12500,3,46,3.0,12.0,22.79671,Washington DC,Medium
46,12501,71,8,44.0,5.5,83.2875609375,Chicago,Medium
47,12502,21,23,14.0,13.548387096774194,219.31711336405533,California,Low
48,12503,1,36,0.0,0.0,17.161500000000004,Chicago,Low
49,12510,12,25,9.0,9.310344827586206,72.03130098522169,California,Low
50,12515,4,28,3.0,1.875,99.7225875,New York,Low
51,12523,3,35,5.0,14.285714285714286,106.75757142857142,Chicago,Low
52,12524,5,20,10.0,12.5,50.686721874999996,Washington DC,Low
53,12527,6,25,1.0,3.0,216.46462000000002,Chicago,Low
54,12528,22,43,12.0,7.741935483870968,185.6565048387097,New York,High
55,12530,8,29,1.0,1.5384615384615385,122.06603076923076,California,Medium
56,12539,100,13,54.0,5.775401069518717,127.22827700534759,Chicago,Low
57,12540,32,25,18.0,5.9375,84.58644157366072,Chicago,Medium
58,12551,9,41,3.0,9.0,231.38325142857144,Chicago,Medium
59,12553,14,8,10.0,5.128205128205129,51.40886730769231,Chicago,Medium
60,12557,4,50,5.0,11.11111111111111,48.41819999999999,New York,Medium
61,12559,11,25,8.0,4.545454545454546,154.4817178932179,California,Medium
62,12567,71,23,49.0,8.835616438356164,110.39671303816047,Washington DC,Medium
63,12574,5,48,7.0,12.727272727272727,209.31338636363637,California,High
64,12577,33,10,21.0,9.402985074626866,118.6127552238806,New Jersey,High
65,12578,40,8,30.0,7.894736842105263,98.74225822368422,Chicago,Low
66,12583,15,33,12.0,4.761904761904762,84.8614582010582,Chicago,Medium
67,12585,26,4,21.0,2.9166666666666665,68.22302098765432,New Jersey,Medium
68,12586,1,3,0.0,0.0,28.9082,California,Medium
69,12591,21,25,8.0,6.153846153846154,206.3171326923077,California,High
70,12594,5,13,3.0,7.5,106.6691892857143,California,High
71,12600,8,39,9.0,16.666666666666668,73.52756,New York,Low
72,12601,4,10,5.0,11.11111111111111,85.81745555555555,California,Low
73,12605,2,37,0.0,0.0,110.2414,New York,Medium
74,12609,4,3,3.0,1.875,30.964909722222224,Chicago,Low
75,12621,20,44,12.0,7.878787878787879,101.91433891293892,California,Low
76,12625,24,26,23.0,4.310344827586207,125.48828440065682,New Jersey,Medium
77,12626,34,30,20.0,8.208955223880597,103.02194368633026,California,High
78,12637,26,13,26.0,10.266666666666667,76.97254600000001,California,Low
79,12643,1,48,1.0,10.0,48.3561,New York,Low
80,12645,8,50,9.0,11.25,187.78304687500003,New Jersey,High
81,12647,28,28,16.0,8.30188679245283,93.48301590296496,New York,Low
82,12649,1,33,1.0,5.0,15.759055555555555,Chicago,Low
83,12651,7,44,4.0,8.88888888888889,343.47669444444443,New York,Medium
84,12652,26,21,18.0,7.0588235294117645,72.73933039215686,New York,Low
85,12662,16,21,15.0,9.393939393939394,117.72816406926408,Chicago,Low
86,12664,5,14,2.0,4.0,181.95319555555557,Chicago,Medium
87,12665,2,10,1.0,7.5,39.05464285714285,Chicago,Low
88,12666,2,13,1.0,15.0,33.20995714285715,California,Medium
89,12668,38,32,22.0,7.027027027027027,115.02200231660233,California,Medium
90,12672,3,43,4.0,8.0,36.734965,California,Low
91,12673,11,4,7.0,9.130434782608695,105.09450683229815,California,Medium
92,12676,10,38,4.0,10.0,143.8175154761905,California,High
93,12678,3,27,0.0,0.0,50.64594,New York,Low
94,12681,88,27,64.0,6.143497757847534,93.63499082852871,Chicago,Medium
95,12682,68,33,35.0,5.118110236220472,124.49134118235222,Chicago,High
96,12683,38,15,25.0,5.064935064935065,167.71121684188827,Chicago,Low
97,12686,6,30,1.0,1.4285714285714286,166.67069206349206,Chicago,Medium
98,12691,8,7,8.0,9.333333333333334,106.37489523809525,California,Low
99,12693,4,4,2.0,2.2222222222222223,219.9057604938272,Chicago,Low
100,12705,13,45,9.0,9.0,72.41145142857143,New Jersey,Low
101,12708,21,25,9.0,6.0606060606060606,106.19015324675325,California,High
102,12709,16,36,16.0,9.696969696969697,124.0997082972583,Washington DC,High
103,12712,27,37,16.0,6.595744680851064,101.60234375211077,Chicago,Low
104,12720,26,20,26.0,11.23076923076923,138.4130541758242,Chicago,Medium
105,12721,10,5,9.0,5.0,138.09430432098765,California,Low
106,12724,7,19,6.0,10.909090909090908,68.91256363636363,California,Low
107,12725,14,48,8.0,6.666666666666667,274.42220208333333,New Jersey,High
108,12726,16,25,10.0,9.6,108.027942,Chicago,Low
109,12727,8,6,6.0,5.0,93.36018148148149,Chicago,Low
110,12728,7,5,4.0,6.153846153846154,61.26558846153846,California,Medium
111,12731,38,28,16.0,4.67741935483871,246.17771218637992,California,High
112,12734,2,27,2.0,5.0,30.26148333333333,California,Low
113,12735,18,5,13.0,3.7209302325581395,90.06947622739018,Washington DC,Medium
114,12736,1,3,2.0,10.0,54.000187499999996,New York,Medium
115,12738,8,42,5.0,4.545454545454546,195.8906282828283,New York,High
116,12744,34,16,16.0,2.909090909090909,212.04726707070708,New York,High
117,12747,10,9,6.0,8.421052631578947,117.2453197368421,Chicago,High
118,12748,328,28,248.0,6.903039073806078,139.2148145998438,Chicago,Medium
119,12753,20,13,19.0,7.3076923076923075,58.15549038461539,New York,Medium
120,12754,17,11,10.0,8.108108108108109,134.44718532818533,California,Low
121,12755,1,37,1.0,10.0,72.02933333333333,Chicago,Medium
122,12763,8,48,7.0,13.125,99.64468035714287,California,Low
123,12764,28,25,15.0,6.666666666666667,154.1496588888889,Chicago,Medium
124,12766,28,22,30.0,4.659090909090909,61.68047449494949,Chicago,Low
125,12775,7,21,6.0,13.846153846153847,141.17724835164836,California,High
126,12778,3,42,3.0,10.0,76.51161904761905,Chicago,Medium
127,12779,15,28,16.0,10.476190476190476,80.86896326530612,California,Low
128,12782,32,19,16.0,5.0,92.09542327097506,Chicago,Medium
129,12785,8,36,3.0,2.142857142857143,69.78211746031747,New Jersey,Low
130,12791,2,26,1.0,5.0,91.86881111111111,Washington DC,Low
131,12793,11,39,12.0,10.0,131.73857291666667,Chicago,Low
132,12797,7,34,8.0,7.0588235294117645,32.460026330532216,California,Low
133,12808,5,32,2.0,8.571428571428571,112.04768979591837,California,Medium
134,12820,5,24,3.0,8.181818181818182,86.44055064935066,California,Medium
135,12826,31,33,14.0,5.714285714285714,186.67313639455784,California,Low
136,12829,6,15,5.0,9.166666666666666,106.80585416666668,New Jersey,High
137,12836,19,6,17.0,13.076923076923077,105.08995054945055,Chicago,Medium
138,12838,28,31,19.0,3.2758620689655173,105.80184367816092,California,Medium
139,12839,23,45,12.0,9.72972972972973,132.19503513513513,California,Low
140,12841,49,19,37.0,6.454545454545454,142.4026906998557,California,Medium
141,12842,9,27,8.0,17.142857142857142,285.4729846938776,New Jersey,High
142,12853,12,11,12.0,11.73913043478261,116.86600031055902,New York,Low
143,12854,23,42,12.0,3.3333333333333335,147.3227160493827,New York,High
144,12855,3,33,2.0,6.666666666666667,349.2200740740741,New York,High
145,12865,1,34,0.0,0.0,267.8,New Jersey,High
146,12867,24,32,15.0,7.894736842105263,84.76204761904762,Chicago,Low
147,12868,19,8,16.0,6.304347826086956,151.52974462560385,California,Low
148,12870,1,28,1.0,5.0,36.173788888888886,California,Low
149,12872,31,20,25.0,7.03125,86.94600734126985,New Jersey,Medium
150,12875,1,24,0.0,0.0,7.32,New Jersey,Low
151,12877,11,23,10.0,17.058823529411764,118.42087983193278,New Jersey,High
152,12908,1,32,0.0,0.0,131.9,Washington DC,Medium
153,12913,2,21,1.0,7.5,29.231907142857143,New York,Medium
154,12915,7,3,4.0,3.076923076923077,105.76635213675215,Washington DC,Medium
155,12916,19,2,15.0,3.75,121.37017777777778,New York,Low
156,12921,30,49,21.0,5.593220338983051,127.74466750067259,New York,Medium
157,12924,1,45,0.0,0.0,14.77715,California,Low
158,12928,8,21,8.0,15.0,31.160650892857145,Chicago,Medium
159,12929,5,26,3.0,11.25,135.35896785714286,Chicago,Low
160,12931,2,44,1.0,15.0,17.901957142857142,New York,Low
161,12935,2,23,7.0,2.6923076923076925,350.82503931623927,New York,Medium
162,12939,2,19,2.0,6.666666666666667,52.84065833333333,Chicago,Low
163,12942,7,4,8.0,5.0,61.12348958333334,New Jersey,Medium
164,12944,7,43,4.0,2.857142857142857,88.88967777777779,California,Medium
165,12947,25,48,11.0,5.0,163.10020264550266,California,Low
166,12951,6,18,9.0,7.0,57.06831,New York,Low
167,12956,14,48,5.0,7.894736842105263,188.57382556390976,Chicago,High
168,12957,13,44,8.0,2.903225806451613,46.28942724014337,Chicago,Low
169,12963,6,9,2.0,1.25,66.88034652777777,New York,Low
170,12967,10,34,5.0,3.6842105263157894,95.72289757727651,New York,High
171,12970,2,2,3.0,3.75,82.37913888888889,California,Medium
172,12971,31,43,14.0,5.319148936170213,111.84921420128335,Washington DC,Medium
173,12980,4,23,2.0,5.0,241.21073888888887,California,High
174,12989,2,5,0.0,0.0,95.929,California,High
175,12990,2,47,1.0,10.0,254.6535,California,Medium
176,12997,7,45,7.0,7.777777777777778,62.57450555555556,California,Low
177,13000,8,32,2.0,1.8181818181818181,96.20939292929293,New Jersey,Low
178,13001,23,45,15.0,11.714285714285714,101.4750741043084,Chicago,Low
179,13002,5,44,1.0,1.4285714285714286,139.555253968254,Washington DC,Low
180,13004,37,37,26.0,8.194444444444445,102.77401339285716,California,Medium
181,13008,8,48,2.0,4.0,164.8235961904762,Chicago,High
182,13011,3,18,2.0,6.666666666666667,99.60196296296294,New York,Low
183,13013,28,13,18.0,5.373134328358209,100.91661940298506,Chicago,Medium
184,13021,6,29,3.0,8.75,298.4110059523809,Chicago,High
185,13027,4,15,1.0,1.6666666666666667,61.149803703703704,New York,Medium
186,13029,1,35,0.0,0.0,16.4895,New York,Low
187,13030,16,39,23.0,11.5,55.68662,California,Medium
188,13033,5,50,4.0,10.909090909090908,84.6170025974026,California,Low
189,13034,4,40,2.0,3.6363636363636362,26.748790909090907,Chicago,Medium
190,13047,26,43,18.0,8.636363636363637,93.77810183982685,California,Medium
191,13048,17,45,14.0,10.5,115.90425571428572,Chicago,High
192,13049,3,3,5.0,7.142857142857143,42.887076190476186,New York,Low
193,13050,60,10,33.0,6.699029126213592,131.55936528740946,Chicago,High
194,13064,1,15,3.0,10.0,33.727020634920635,New Jersey,Low
195,13065,7,32,6.0,4.285714285714286,125.63916984126983,Chicago,High
196,13068,1,47,1.0,10.0,7.222222222222222,California,Low
197,13069,68,38,43.0,6.594202898550725,80.17368902691513,New York,Low
198,13077,4,45,5.0,3.5714285714285716,137.85554126984127,New York,Medium
199,13078,24,28,16.0,7.777777777777778,107.84146157407407,California,High
200,13081,117,5,86.0,4.712643678160919,98.34817330779056,New York,High
201,13082,6,45,3.0,4.285714285714286,176.55894920634924,Chicago,Low
202,13089,176,25,135.0,8.04945054945055,99.79077944139195,New Jersey,Medium
203,13090,9,4,3.0,4.615384615384615,136.4129987179487,New Jersey,High
204,13092,4,2,3.0,12.857142857142858,58.72405306122449,Washington DC,High
205,13093,65,35,53.0,7.2727272727272725,110.06081917526917,California,High
206,13094,4,10,1.0,6.0,107.54939428571429,Washington DC,High
207,13097,18,33,25.0,5.576923076923077,80.02935454822955,California,Medium
208,13098,14,5,8.0,7.619047619047619,144.53579523809526,California,High
209,13102,54,10,32.0,7.096774193548387,116.56117494452978,New York,Medium
210,13104,1,20,1.0,10.0,151.44444444444446,New York,High
211,13107,10,20,8.0,6.956521739130435,142.76362826086958,California,High
212,13108,3,45,0.0,0.0,62.30708,Chicago,Low
213,13110,8,36,7.0,10.5,67.49703142857143,New York,Low
214,13113,29,44,15.0,4.098360655737705,386.72667200104087,New Jersey,High
215,13115,2,26,0.0,0.0,144.3408,Chicago,High
216,13117,12,30,9.0,2.6470588235294117,74.45990163398693,New Jersey,Low
217,13124,30,4,18.0,8.852459016393443,92.51510960187355,New York,High
218,13126,18,37,12.0,7.5,92.87389885912698,Washington DC,Low
219,13136,3,48,1.0,3.3333333333333335,93.80694814814815,California,Medium
220,13137,33,37,15.0,9.375,201.23789434523812,California,Low
221,13138,7,21,4.0,2.857142857142857,123.16800317460319,California,Low
222,13140,4,34,7.0,4.375,51.70141805555555,New York,High
223,13141,16,25,10.0,6.25,126.360859375,Chicago,Low
224,13144,1,38,2.0,13.333333333333334,19.271066666666666,California,Medium
225,13145,1,4,1.0,10.0,28.13333333333333,California,Medium
226,13148,78,16,44.0,6.076923076923077,170.13435632478632,New York,Low
227,13155,38,8,19.0,9.047619047619047,130.0711950113379,California,High
228,13158,16,47,6.0,3.1578947368421053,217.78674269005847,New York,Medium
229,13161,2,4,2.0,5.0,71.1899375,Chicago,High
230,13162,25,14,12.0,6.0,104.2342725,New York,Low
231,13165,5,31,7.0,5.384615384615385,79.45942564102565,Chicago,High
232,13168,36,24,28.0,3.6842105263157894,81.24092368421053,Chicago,Medium
233,13173,15,8,9.0,11.73913043478261,206.04487329192548,California,Medium
234,13174,124,25,82.0,8.96694214876033,124.4251579397875,Chicago,High
235,13178,14,9,13.0,8.125,75.0575109375,California,Low
236,13183,11,42,6.0,6.0,121.38956250000001,New York,Medium
237,13187,10,50,9.0,4.864864864864865,43.29361081081081,Chicago,Low
238,13198,39,50,30.0,5.064935064935065,92.64446861471862,California,Medium
239,13199,14,47,5.0,6.875,147.12910357142857,California,Medium
240,13208,13,4,6.0,6.923076923076923,120.92255164835166,Chicago,High
241,13209,10,18,8.0,8.571428571428571,27.1911925170068,California,Medium
242,13211,1,33,1.0,10.0,43.515125,Chicago,Medium
243,13221,19,35,11.0,9.428571428571429,93.14096204081632,New York,Medium
244,13225,5,50,3.0,3.3333333333333335,53.127143981481474,New York,Low
245,13230,42,30,27.0,5.0588235294117645,145.55306352941176,California,Medium
246,13233,8,30,8.0,9.411764705882353,98.28505588235295,Chicago,Medium
247,13238,4,19,1.0,4.0,119.13224,California,Medium
248,13240,15,24,5.0,2.380952380952381,82.62781798941799,California,Medium
249,13246,18,25,16.0,8.5,74.59404580357143,California,Low
250,13253,5,38,4.0,2.5,38.683749999999996,Chicago,Medium
251,13255,4,15,1.0,1.6666666666666667,246.70367407407412,California,High
252,13263,18,16,11.0,8.461538461538462,82.43588827838828,New Jersey,Low
253,13266,1,12,0.0,0.0,67.4706,Washington DC,Medium
254,13267,26,46,15.0,7.826086956521739,408.4289244565217,California,High
255,13269,17,41,9.0,6.428571428571429,132.75529107142856,California,High
256,13270,1,7,1.0,10.0,103.05555555555556,Chicago,Medium
257,13280,39,43,23.0,5.897435897435898,134.38696923076924,California,Medium
258,13284,6,14,5.0,7.142857142857143,68.80710714285715,Chicago,Low
259,13295,5,33,2.0,5.454545454545454,82.71038441558443,New York,Low
260,13304,3,12,8.0,3.8095238095238093,43.52168571428571,California,Low
261,13305,3,38,4.0,8.0,112.34302222222223,Chicago,Medium
262,13309,22,14,12.0,10.588235294117647,160.5867899159664,Chicago,Low
263,13310,12,15,8.0,8.275862068965518,94.30665221674877,New Jersey,Medium
264,13313,3,42,6.0,3.5294117647058822,33.782590849673205,California,Low
265,13317,8,17,3.0,6.428571428571429,107.80557959183673,Chicago,Low
266,13319,42,27,33.0,3.36734693877551,80.9068402494331,Chicago,High
267,13324,7,24,2.0,4.0,299.58214,Chicago,High
268,13327,8,14,13.0,6.190476190476191,51.90938306878307,Chicago,Medium
269,13328,10,18,4.0,4.705882352941177,165.48763529411764,Chicago,High
270,13329,5,2,3.0,7.777777777777778,78.71885679012345,Chicago,High
271,13330,7,47,4.0,6.153846153846154,125.5179,New York,High
272,13368,1,43,0.0,0.0,166.60500000000002,California,High
273,13369,11,24,5.0,2.6315789473684212,103.23200935672516,New York,Low
274,13370,23,41,18.0,7.7272727272727275,99.96403611111113,Washington DC,High
275,13385,15,26,11.0,6.285714285714286,119.46762285714286,Chicago,Low
276,13394,10,6,7.0,13.125,109.48191964285715,Washington DC,High
277,13396,10,25,7.0,4.375,170.95585694444443,Chicago,High
278,13397,4,40,2.0,2.5,78.79830555555557,California,Medium
279,13402,9,42,5.0,2.9411764705882355,99.9261816993464,Chicago,Medium
280,13405,3,7,3.0,5.0,59.43731481481481,New York,Medium
281,13408,42,30,27.0,5.769230769230769,130.94172142348393,Chicago,Low
282,13418,24,22,11.0,3.877551020408163,93.92536365403303,New York,Medium
283,13426,12,38,8.0,6.25,43.14541361607143,Chicago,Low
284,13448,22,41,7.0,3.7142857142857144,86.72410603174603,California,High
285,13451,13,12,18.0,7.5,49.030671874999996,California,Low
286,13455,19,38,12.0,4.444444444444445,103.36452354497357,New York,Low
287,13458,29,33,32.0,5.862068965517241,57.55696604634191,California,High
288,13468,38,33,24.0,6.8354430379746836,160.41883805505327,New York,High
289,13473,3,5,3.0,4.615384615384615,53.925261538461534,New York,Medium
290,13481,1,6,0.0,0.0,15.784,Chicago,Low
291,13487,3,6,8.0,7.2727272727272725,40.09494545454545,Washington DC,Medium
292,13488,76,22,50.0,8.456375838926174,104.3587288590604,California,Low
293,13491,22,16,17.0,6.428571428571429,126.08265914588058,Chicago,High
294,13494,10,33,7.0,11.666666666666666,87.0255134920635,California,Low
295,13495,12,25,12.0,13.846153846153847,107.55844395604397,New York,Medium
296,13496,11,21,8.0,8.88888888888889,77.36870052910054,New York,Medium
297,13497,8,22,4.0,12.0,117.40044285714286,New York,Medium
298,13502,1,32,3.0,22.5,49.700785714285715,California,Medium
299,13506,21,30,7.0,5.172413793103448,154.34435024630542,New Jersey,High
300,13520,20,19,11.0,10.0,158.4501384792627,Chicago,Medium
301,13523,12,13,7.0,2.3333333333333335,66.7259951851852,Chicago,Medium
302,13527,1,44,4.0,24.0,19.956885714285715,California,Low
303,13531,4,48,5.0,3.3333333333333335,532.4950859259259,New Jersey,Medium
304,13534,23,20,13.0,4.615384615384615,88.1242873168498,California,Medium
305,13538,1,32,0.0,0.0,12.910866666666669,New York,Low
306,13539,8,24,4.0,10.909090909090908,144.3197246753247,New York,Medium
307,13551,3,46,1.0,2.5,291.47271666666666,Chicago,Low
308,13552,3,50,2.0,5.0,45.134125,New York,Low
309,13564,40,26,25.0,6.951219512195122,116.4131305458769,California,Medium
310,13565,8,8,3.0,4.615384615384615,93.02216538461539,New Jersey,Low
311,13569,10,14,10.0,12.5,104.08401726190476,Chicago,Low
312,13576,15,23,11.0,4.117647058823529,74.57656769374417,New York,Medium
313,13579,5,49,2.0,6.666666666666667,69.33718253968254,New York,Low
314,13581,5,47,1.0,3.0,106.49933285714287,California,Medium
315,13584,16,35,9.0,11.25,162.15812083333336,Chicago,High
316,13593,12,28,14.0,7.17948717948718,78.00633205128206,California,High
317,13599,17,46,9.0,6.333333333333333,73.78402015873016,California,Low
318,13600,13,13,1.0,1.5789473684210527,166.78326240601504,California,High
319,13606,3,28,0.0,0.0,138.2201,California,High
320,13611,4,5,5.0,10.0,91.9743923809524,New York,Medium
321,13614,6,20,4.0,8.88888888888889,83.32332777777778,Chicago,Medium
322,13615,12,11,7.0,2.9166666666666665,98.13757962962963,California,Medium
323,13627,14,49,3.0,4.5,115.9873042857143,Chicago,Low
324,13629,5,22,1.0,3.75,173.7618875,New York,Low
325,13634,9,21,9.0,7.105263157894737,45.67837030075189,Chicago,Medium
326,13649,6,34,1.0,0.6666666666666666,52.30603777777778,California,Low
327,13652,5,35,7.0,11.666666666666666,36.71539841269841,Washington DC,Medium
328,13656,9,44,10.0,3.225806451612903,80.22959211469534,Chicago,Low
329,13659,32,8,15.0,2.4193548387096775,82.49182992831541,Chicago,High
330,13668,31,15,18.0,6.885245901639344,96.00007388758783,Chicago,Medium
331,13672,3,45,1.0,3.3333333333333335,50.076375000000006,New Jersey,Low
332,13680,44,34,36.0,4.725274725274725,84.88820561660562,Washington DC,Low
333,13693,1,3,3.0,22.5,20.066178571428573,Chicago,Low
334,13694,37,44,25.0,5.865384615384615,69.54329605463981,California,High
335,13700,14,42,9.0,10.384615384615385,72.48908406593407,Chicago,Medium
336,13703,1,18,0.0,0.0,281.79,Chicago,High
337,13705,7,39,4.0,4.0,152.62498666666667,Chicago,Low
338,13707,23,28,9.0,5.625,157.04655625,Chicago,Medium
339,13709,19,22,10.0,6.451612903225806,107.47754274193548,New York,Medium
340,13715,48,23,40.0,5.151515151515151,92.74885782828284,California,Medium
341,13725,30,48,10.0,7.317073170731708,149.70401916376306,Chicago,Medium
342,13728,5,2,1.0,3.3333333333333335,122.89856984126985,New York,Medium
343,13742,42,6,32.0,3.3333333333333335,106.89261064814815,California,Medium
344,13747,1,21,0.0,0.0,175.58100000000002,Chicago,High
345,13748,1,30,0.0,0.0,7.9632,California,Low
346,13750,1,20,0.0,0.0,9.2922,New York,Low
347,13754,5,7,1.0,2.5,156.4113,New York,High
348,13756,8,6,2.0,3.75,136.12904285714288,California,Medium
349,13758,18,46,7.0,3.0303030303030303,79.57004478114479,Washington DC,Medium
350,13764,29,14,16.0,2.318840579710145,71.60969033816426,New York,Low
351,13767,37,29,35.0,9.315068493150685,108.52022583170255,Chicago,Low
352,13769,21,20,11.0,10.3125,140.47329017857143,New York,High
353,13777,47,7,18.0,4.626865671641791,127.87611825396824,California,Low
354,13782,22,17,10.0,8.333333333333334,119.19525595238095,New Jersey,Low
355,13784,4,30,5.0,18.333333333333332,75.25669107142858,New York,Low
356,13786,2,21,2.0,8.571428571428571,101.96268979591837,Chicago,Medium
357,13787,5,35,2.0,5.714285714285714,67.86692857142857,New Jersey,Medium
358,13798,67,37,35.0,4.715447154471545,101.30866906052394,California,Medium
359,13800,23,27,11.0,10.0,132.49747186147187,California,High
360,13802,11,40,7.0,9.545454545454545,78.44044155844156,New Jersey,High
361,13807,4,33,3.0,12.857142857142858,253.12579591836737,Chicago,High
362,13815,31,33,16.0,3.018867924528302,179.36080838574424,California,Low
363,13817,2,14,3.0,3.3333333333333335,22.61702962962963,California,Low
364,13819,15,7,7.0,3.75,153.42634953703705,California,High
365,13824,9,42,5.0,13.636363636363637,113.65938961038964,Chicago,Low
366,13829,1,38,1.0,30.0,34.64028571428571,New York,Medium
367,13831,2,35,0.0,0.0,179.8341,California,Low
368,13837,5,5,2.0,2.2222222222222223,149.23795555555554,California,Medium
369,13838,35,5,18.0,6.923076923076923,155.2476625,California,Low
370,13842,18,5,20.0,9.272727272727273,168.609735,New York,Medium
371,13846,8,4,7.0,7.5,60.44110408163266,New Jersey,Low
372,13848,1,35,1.0,10.0,143.49333333333334,New York,High
373,13854,24,44,12.0,6.96969696969697,115.63066176046176,Chicago,Medium
374,13859,16,45,7.0,7.5,107.73305714285713,New York,High
375,13862,18,32,9.0,6.206896551724138,147.5453422413793,California,High
376,13869,40,6,24.0,8.169014084507042,215.78730814889335,New Jersey,Medium
377,13871,16,17,7.0,9.130434782608695,181.6196745341615,New York,Low
378,13873,3,24,2.0,8.571428571428571,76.47977551020408,Chicago,Medium
379,13874,10,39,5.0,8.333333333333334,67.8936365079365,California,High
380,13880,5,40,3.0,15.0,267.56880952380953,New York,High
381,13881,7,22,6.0,13.846153846153847,189.48264615384616,Chicago,Low
382,13883,1,36,1.0,30.0,65.0,California,Medium
383,13890,8,31,5.0,11.666666666666666,176.61641130952378,New York,Medium
384,13894,6,16,3.0,9.0,98.02390857142858,New York,High
385,13898,2,23,1.0,2.5,41.53373333333333,New Jersey,Low
386,13901,8,10,7.0,6.363636363636363,80.86072323232324,California,Medium
387,13911,14,30,8.0,9.6,164.56516342857142,Chicago,High
388,13922,3,11,1.0,1.4285714285714286,57.570749206349205,New Jersey,High
389,13929,2,21,0.0,0.0,1050.7027333333333,Washington DC,High
390,13939,10,36,5.0,11.538461538461538,155.55715274725276,Chicago,High
391,13941,9,38,4.0,4.166666666666667,91.54333333333334,New York,Medium
392,13948,2,9,1.0,6.666666666666667,67.31086666666667,Chicago,Medium
393,13953,1,16,0.0,0.0,14.496,Chicago,Low
394,13958,4,22,2.0,4.0,112.4722888888889,New Jersey,Low
395,13959,7,38,5.0,6.25,80.93799062500001,California,Low
396,13963,16,40,14.0,7.428571428571429,176.3997169160998,Chicago,Medium
397,13969,18,15,17.0,3.8636363636363638,86.67621565656565,New York,High
398,13982,30,13,17.0,6.346153846153846,102.67075665445667,Chicago,High
399,13983,18,30,17.0,10.408163265306122,299.6191411078717,California,Medium
400,13984,4,34,1.0,3.3333333333333335,20.17852380952381,New York,Low
401,13993,3,49,6.0,6.666666666666667,38.19405277777778,Chicago,Low
402,13999,20,48,11.0,5.3125,121.84095503472223,Chicago,Medium
403,14001,6,10,3.0,3.3333333333333335,146.4929160493827,New York,High
404,14006,4,3,4.0,17.142857142857142,160.12442857142858,New Jersey,High
405,14016,16,41,17.0,13.076923076923077,56.559756776556775,California,Low
406,14030,17,5,5.0,1.8518518518518519,206.2468082304527,California,High
407,14031,21,17,20.0,6.862745098039215,91.98806481481482,Chicago,Medium
408,14032,19,50,15.0,13.125,167.66431068948415,New York,Medium
409,14037,16,24,14.0,5.384615384615385,73.41606581196581,California,Medium
410,14040,38,10,27.0,8.059701492537313,149.70490149253732,New York,High
411,14044,45,49,11.0,6.0,167.07748337662338,California,Medium
412,14045,4,14,1.0,2.0,37.89747555555555,California,Low
413,14047,4,10,7.0,5.333333333333333,28.61253925925926,California,Low
414,14049,57,45,37.0,3.217391304347826,114.84520154589373,Chicago,Low
415,14051,24,6,10.0,3.4146341463414633,109.4948928184282,Chicago,Medium
416,14057,23,39,17.0,7.083333333333333,87.88950989583333,New York,Low
417,14060,25,22,13.0,4.871794871794871,127.166901994302,Chicago,Medium
418,14062,33,18,20.0,10.0,160.90997454906207,California,Medium
419,14068,10,32,9.0,3.75,111.86337453703703,California,High
420,14078,3,7,1.0,0.8333333333333334,222.98738333333336,New York,Medium
421,14081,24,49,23.0,10.147058823529411,103.80460630252101,California,Medium
422,14082,19,31,13.0,4.482758620689655,103.55533563218391,New York,Medium
423,14083,44,41,27.0,4.631578947368421,96.09850219298245,Chicago,Medium
424,14085,73,5,64.0,7.953216374269005,93.24905555323494,New York,Low
425,14088,51,39,31.0,3.3333333333333335,125.30903333333335,Washington DC,Medium
426,14090,1,32,0.0,0.0,21.576,California,Low
427,14092,26,41,21.0,4.426229508196721,59.529416055165235,Chicago,Medium
428,14099,34,32,22.0,6.101694915254237,138.52806693570085,New York,Low
429,14101,1,25,1.0,10.0,60.65984761904762,California,Medium
430,14107,9,11,5.0,2.9411764705882355,81.79259281045752,Chicago,Medium
431,14113,7,23,6.0,11.428571428571429,122.70781541950115,Chicago,High
432,14114,5,18,4.0,8.0,124.9005525,California,Low
433,14119,1,8,0.0,0.0,23.9242,California,Low
434,14127,13,17,4.0,6.0,125.80802714285714,Chicago,High
435,14130,41,50,22.0,3.283582089552239,186.29650514096187,New York,High
436,14133,11,32,6.0,7.0588235294117645,156.46773823529412,Chicago,High
437,14135,36,21,27.0,6.714285714285714,97.00613312358277,Chicago,Low
438,14142,21,21,12.0,5.454545454545454,194.94916161616163,Chicago,High
439,14146,31,29,20.0,7.0,184.47385683673468,California,Medium
440,14150,6,48,2.0,5.454545454545454,84.8459012987013,Chicago,Medium
441,14156,43,5,30.0,10.465116279069768,135.01733488372093,California,High
442,14159,22,13,11.0,4.4,61.700664,California,Medium
443,14161,13,41,9.0,6.923076923076923,126.00367788461539,Chicago,High
444,14167,7,29,3.0,3.3333333333333335,89.45556666666667,California,Medium
445,14175,7,37,3.0,1.9047619047619047,103.82934656084656,California,Medium
446,14176,8,13,6.0,12.142857142857142,46.22703979591837,New York,Medium
447,14180,41,11,32.0,7.045454545454546,293.2378774801587,California,Low
448,14185,1,19,0.0,0.0,44.704,California,Medium
449,14188,8,50,5.0,12.5,147.44551190476193,California,High
450,14189,26,7,18.0,5.1063829787234045,133.95377298210065,New York,High
451,14194,20,19,13.0,13.0,187.80896476190478,Chicago,Low
452,14201,3,12,1.0,7.5,95.95092857142858,California,Low
453,14205,9,26,4.0,2.857142857142857,127.89393095238096,Chicago,Medium
454,14206,1,24,0.0,0.0,333.8,Chicago,High
455,14209,8,29,6.0,7.5,176.000496875,California,Low
456,14210,17,18,10.0,3.7837837837837838,109.15475022522523,New York,High
457,14213,2,25,2.0,4.0,22.020106666666667,California,Low
458,14215,30,29,16.0,6.346153846153846,79.9656048992674,New York,Medium
459,14217,11,10,7.0,5.454545454545454,52.7372415945166,New York,Medium
460,14220,9,19,3.0,8.181818181818182,106.85205454545456,California,Low
461,14221,10,39,4.0,2.2222222222222223,140.60616358024694,New York,High
462,14224,22,3,14.0,3.5,114.15014305555556,Chicago,Medium
463,14229,12,29,5.0,4.3478260869565215,96.05406630434781,Chicago,Low
464,14233,12,2,8.0,12.0,196.73641957671958,New Jersey,High
465,14236,3,18,1.0,3.3333333333333335,101.69766666666668,Chicago,Medium
466,14237,6,39,5.0,5.555555555555555,119.92268641975309,Chicago,High
467,14238,5,21,3.0,11.25,194.1615857142857,New York,High
468,14239,3,46,2.0,4.444444444444445,67.66382777777778,California,Medium
469,14242,5,26,1.0,3.75,150.24415000000002,Chicago,Medium
470,14243,14,46,17.0,5.75,110.3883886904762,New York,Medium
471,14248,1,34,1.0,1.25,36.54888888888889,Chicago,Low
472,14256,15,7,9.0,2.8125,111.80790520833334,Chicago,Medium
473,14257,18,38,12.0,3.076923076923077,123.6999435897436,Chicago,Low
474,14258,10,31,7.0,2.2580645161290325,49.41970788530466,California,Medium
475,14264,1,16,1.0,5.0,17.0525,Chicago,Low
476,14270,11,6,9.0,6.206896551724138,75.24394310344827,New York,Medium
477,14282,8,37,5.0,11.538461538461538,123.47905934065935,New Jersey,Low
478,14290,12,17,9.0,7.2,170.042778,New York,Medium
479,14292,3,22,3.0,30.0,311.8552380952381,New Jersey,Medium
480,14293,5,18,5.0,10.0,78.09173714285716,California,Medium
481,14295,2,7,0.0,0.0,128.3,Chicago,Medium
482,14298,99,41,79.0,5.394190871369295,82.9266458506224,Chicago,Low
483,14299,20,18,12.0,4.117647058823529,109.89923450046685,Washington DC,Low
484,14307,36,28,31.0,6.794871794871795,129.61532771672773,California,Medium
485,14309,7,49,5.0,6.818181818181818,55.48400064935065,New Jersey,Low
486,14312,9,27,9.0,4.782608695652174,176.2016139406487,Chicago,Medium
487,14320,17,29,13.0,6.764705882352941,106.67502369281046,Chicago,Low
488,14321,16,24,10.0,6.896551724137931,104.90923103448276,Washington DC,Low
489,14329,31,22,19.0,7.5,77.62022180451129,California,Medium
490,14334,17,41,16.0,7.619047619047619,99.78085041572186,California,Medium
491,14341,12,3,4.0,1.6666666666666667,86.63753703703703,Chicago,Low
492,14344,13,15,5.0,10.714285714285714,164.17156530612246,New York,High
493,14355,8,7,4.0,3.6363636363636362,147.45365252525252,New York,Medium
494,14368,8,4,3.0,4.285714285714286,243.87650793650795,New York,High
495,14373,1,40,1.0,7.5,56.431935714285714,Chicago,Medium
496,14388,10,6,8.0,3.4782608695652173,89.38303285024155,California,Low
497,14389,1,38,2.0,3.3333333333333335,132.30877407407408,Washington DC,High
498,14390,21,37,12.0,4.285714285714286,150.5451119047619,Chicago,High
499,14395,34,4,23.0,5.396825396825397,74.52046172839506,New Jersey,Medium
500,14396,24,9,8.0,4.705882352941177,166.35824558823532,New Jersey,High
501,14401,12,20,8.0,10.5,114.5622182142857,California,Low
502,14404,23,32,12.0,7.826086956521739,92.42353850931677,Chicago,Low
503,14409,11,15,5.0,5.0,208.79468911564626,New York,Medium
504,14410,6,45,2.0,7.5,168.36440178571428,New York,Medium
505,14411,8,17,5.0,10.714285714285714,59.730680612244896,New York,High
506,14413,5,34,7.0,6.086956521739131,130.84622717391304,Chicago,High
507,14414,4,7,2.0,7.5,41.231482142857146,New Jersey,Low
508,14415,45,47,44.0,8.547008547008547,117.88479416971916,New Jersey,Medium
509,14419,8,20,7.0,3.3333333333333335,89.76710740740741,New York,Low
510,14426,24,13,17.0,7.659574468085107,98.79219650455927,California,Medium
511,14428,8,23,2.0,2.5,58.38683988095238,Chicago,High
512,14437,2,3,2.0,4.0,46.328002222222224,New York,High
513,14438,5,41,5.0,16.666666666666668,79.24045714285715,New York,Medium
514,14439,17,48,9.0,2.8125,104.87668888888889,New York,High
515,14440,15,10,14.0,7.096774193548387,206.44577831541218,New Jersey,Low
516,14441,2,19,0.0,0.0,26.6455,New Jersey,Low
517,14442,20,44,7.0,4.375,159.055934375,California,Low
518,14443,16,41,15.0,10.238095238095237,73.67964436885866,New Jersey,High
519,14448,8,42,5.0,5.555555555555555,52.67857777777778,California,Medium
520,14449,28,39,21.0,4.2,162.10894533333334,New Jersey,High
521,14450,3,29,2.0,1.8181818181818181,96.97253131313131,New York,Medium
522,14457,1,4,2.0,15.0,510.5107857142857,New Jersey,High
523,14460,2,38,1.0,15.0,315.1285714285715,California,High
524,14462,39,42,20.0,10.169491525423728,184.2333138014528,Chicago,Medium
525,14466,11,18,7.0,8.823529411764707,150.81384509803922,Chicago,Medium
526,14467,9,34,5.0,6.666666666666667,226.83389666666665,Chicago,Medium
527,14472,28,10,11.0,2.2857142857142856,99.86697809523811,Washington DC,Medium
528,14479,5,17,5.0,5.0,49.926515555555554,California,Low
529,14487,11,41,3.0,6.428571428571429,144.99398163265306,Chicago,Low
530,14491,3,6,2.0,5.0,159.2435555555556,California,High
531,14496,3,47,9.0,13.157894736842104,49.65771236424395,California,Medium
532,14497,19,42,10.0,10.344827586206897,130.52626551724137,California,Medium
533,14498,6,25,8.0,11.428571428571429,67.12018571428571,Chicago,High
534,14501,4,20,2.0,5.0,287.30638888888893,Chicago,High
535,14502,21,22,20.0,8.88888888888889,134.87348555555556,Chicago,Low
536,14505,94,8,68.0,6.428571428571429,78.07856637667888,California,Medium
537,14506,30,34,25.0,10.0,166.64888900000003,California,High
538,14514,10,29,10.0,7.6923076923076925,62.10305576923077,Chicago,High
539,14524,7,15,8.0,6.153846153846154,46.480801923076925,New York,Medium
540,14525,18,48,7.0,6.296296296296297,99.06958597883597,New Jersey,High
541,14527,84,43,70.0,6.532663316582915,101.5802277678073,California,Medium
542,14532,11,44,8.0,4.782608695652174,103.34602077294687,Chicago,Low
543,14533,6,30,4.0,4.0,150.29346,Chicago,Low
544,14534,22,14,6.0,2.0689655172413794,201.74404521072796,California,Medium
545,14540,10,12,2.0,5.454545454545454,155.17306623376624,New Jersey,Medium
546,14541,42,24,20.0,4.8,208.4540361111111,California,High
547,14543,10,11,3.0,2.727272727272727,274.15503939393943,Chicago,Low
548,14544,26,6,22.0,7.857142857142857,108.50293973214286,California,Medium
549,14548,2,48,0.0,0.0,179.3341,California,High
550,14549,29,22,19.0,10.178571428571429,162.36230357142858,Chicago,Low
551,14553,6,25,8.0,3.4782608695652173,42.8312154589372,California,High
552,14560,13,40,8.0,10.0,121.96923441558442,Chicago,Medium
553,14565,17,39,16.0,5.925925925925926,44.31273425925926,California,Low
554,14572,43,43,17.0,8.793103448275861,120.39667561576354,California,Low
555,14573,36,40,26.0,3.4210526315789473,117.65781023391813,California,Medium
556,14576,1,26,1.0,10.0,84.94377777777777,Chicago,Medium
557,14577,19,36,13.0,6.842105263157895,86.28807763157894,California,High
558,14587,57,30,35.0,6.864406779661017,107.5321794188862,Chicago,Low
559,14589,1,48,2.0,13.333333333333334,123.7725,New York,High
560,14594,25,5,12.0,3.870967741935484,182.49546093189963,California,Low
561,14595,5,33,3.0,12.0,208.14864000000003,New York,High
562,14600,2,7,0.0,0.0,411.819,California,High
563,14606,289,33,217.0,8.18499127399651,136.11145006163608,Chicago,Medium
564,14608,1,48,0.0,0.0,12.5962,California,Low
565,14616,1,33,0.0,0.0,136.9,New York,Medium
566,14618,3,13,1.0,1.6666666666666667,106.31527777777778,Chicago,Medium
567,14621,11,41,5.0,9.375,255.935575,New Jersey,Medium
568,14625,12,14,13.0,6.666666666666667,89.9063375,Chicago,Low
569,14627,4,46,2.0,12.0,157.11627142857145,Chicago,High
570,14639,22,46,6.0,2.857142857142857,86.8631261904762,Chicago,Medium
571,14643,10,4,1.0,1.6666666666666667,81.68641428571429,Washington DC,High
572,14646,114,45,97.0,5.574912891986063,91.90699256263481,California,Medium
573,14653,17,2,10.0,3.4482758620689653,98.00730114942529,California,Low
574,14657,33,2,27.0,13.064516129032258,136.68111889400922,Chicago,Medium
575,14659,21,42,14.0,5.6,145.8851,New York,Low
576,14662,18,36,10.0,8.333333333333334,216.66406874999998,California,High
577,14665,12,4,6.0,6.923076923076923,259.8482785714286,Chicago,Medium
578,14667,71,30,59.0,5.654761904761905,190.51472147581256,California,Medium
579,14669,43,39,36.0,6.545454545454546,73.69319250000001,New York,Medium
580,14672,16,8,8.0,5.0,89.348403125,New York,Medium
581,14673,7,9,5.0,10.0,141.71960761904762,New York,Low
582,14679,1,26,1.0,10.0,194.3677777777778,California,High
583,14680,38,37,36.0,5.393258426966292,104.64086941323347,California,High
584,14684,24,4,14.0,6.363636363636363,93.06134204545455,Chicago,Low
585,14688,38,46,18.0,6.724137931034483,154.5336213738369,New York,High
586,14692,18,16,9.0,3.2142857142857144,209.40958333333333,California,High
587,14696,26,48,11.0,6.571428571428571,131.88131922902494,New York,Low
588,14701,38,43,15.0,5.2631578947368425,166.5943096491228,Chicago,High
589,14702,41,50,37.0,7.0,111.23921731481482,New York,Medium
590,14708,8,16,6.0,14.166666666666666,237.94980952380953,Chicago,High
591,14709,17,45,17.0,11.08108108108108,100.3694420849421,New York,Medium
592,14713,49,42,31.0,9.625,120.48477535714287,Chicago,High
593,14715,7,2,4.0,6.153846153846154,49.77189615384615,New Jersey,Medium
594,14723,41,4,31.0,8.863636363636363,108.77859123376624,Chicago,Low
595,14729,42,43,27.0,3.8028169014084505,136.95081079812206,Washington DC,High
596,14732,5,33,5.0,5.0,40.11246666666666,New York,Medium
597,14733,72,30,45.0,7.2388059701492535,106.72197904821132,New York,Medium
598,14735,19,46,17.0,15.454545454545455,142.27096103896105,Chicago,High
599,14737,2,21,2.0,2.5,37.05900833333334,New Jersey,Medium
600,14738,9,13,3.0,5.454545454545454,226.59463181818182,Chicago,Medium
601,14739,11,27,8.0,11.11111111111111,72.52772610229277,New York,Low
602,14741,8,32,5.0,4.2105263157894735,90.86522485380117,California,High
603,14744,9,31,4.0,5.714285714285714,144.7012343537415,California,Medium
604,14748,19,31,16.0,13.714285714285714,61.722942857142854,Chicago,High
605,14755,18,50,12.0,8.88888888888889,129.63362777777778,New Jersey,Medium
606,14761,3,17,3.0,8.571428571428571,169.3639142857143,California,High
607,14766,5,24,1.0,1.25,116.71781111111112,New York,High
608,14769,33,26,25.0,12.711864406779661,121.93073970944312,Chicago,Low
609,14770,9,39,7.0,13.125,108.86863214285715,New York,Low
610,14775,9,25,7.0,3.5,90.91667666666667,Chicago,Low
611,14776,19,42,9.0,8.181818181818182,165.41456363636365,New York,Medium
612,14777,1,40,0.0,0.0,36.970200000000006,Chicago,Medium
613,14778,15,26,7.0,11.666666666666666,200.7704015873016,Chicago,Low
614,14779,20,17,11.0,8.857142857142858,333.3058402721088,Chicago,Low
615,14782,3,12,2.0,3.3333333333333335,103.25484074074075,California,Medium
616,14784,3,25,2.0,15.0,75.61428571428573,New Jersey,Medium
617,14794,5,31,5.0,11.11111111111111,109.84944444444444,New York,Medium
618,14796,80,3,43.0,5.915492957746479,127.37294738989495,Chicago,High
619,14798,5,37,0.0,0.0,215.4835833333333,California,High
620,14800,73,21,58.0,8.0,98.52261810344828,Chicago,Medium
621,14805,15,20,9.0,9.473684210526315,194.32088157894736,New York,High
622,14810,24,21,22.0,9.636363636363637,147.50034571428571,California,High
623,14813,25,32,7.0,4.666666666666667,114.66260666666668,New York,Medium
624,14821,1,41,1.0,15.0,230.90000000000003,Chicago,High
625,14825,11,34,6.0,10.0,143.35290476190477,California,High
626,14828,3,25,2.0,8.0,90.10292,New York,High
627,14829,19,15,8.0,4.137931034482759,183.6650149151615,California,Medium
628,14841,11,50,3.0,4.7368421052631575,149.72613458646617,California,High
629,14842,2,14,0.0,0.0,96.39200000000001,New Jersey,High
630,14849,31,45,15.0,4.615384615384615,127.4479322954823,New Jersey,Low
631,14850,12,21,10.0,13.636363636363637,88.79489415584416,California,Medium
632,14865,1,8,0.0,0.0,18.7794,New Jersey,Low
633,14866,1,43,0.0,0.0,22.4495,Chicago,Low
634,14867,8,50,7.0,9.375,70.48627142857143,Chicago,Medium
635,14871,8,27,9.0,7.2,45.933732,California,High
636,14878,6,12,4.0,9.23076923076923,96.78012087912089,New York,Medium
637,14889,7,6,2.0,4.0,67.92451,Chicago,High
638,14895,1,42,0.0,0.0,34.36,California,Low
639,14896,19,40,8.0,2.5,125.50922291666667,Washington DC,Low
640,14898,9,25,5.0,8.333333333333334,171.9337193121693,California,High
641,14901,25,4,19.0,9.0,155.20737809523808,Chicago,Low
642,14907,20,46,17.0,9.361702127659575,143.1498914893617,Chicago,High
643,14911,276,34,177.0,5.632183908045977,125.30717911269234,California,High
644,14913,7,4,4.0,7.0588235294117645,68.81279327731093,Washington DC,Medium
645,14916,7,42,6.0,12.0,197.28145714285714,Chicago,Medium
646,14932,3,35,6.0,3.5294117647058822,56.34813202614379,New Jersey,Medium
647,14944,1,18,0.0,0.0,50.8164,California,Medium
648,14952,7,28,3.0,5.0,76.61527444444445,New York,High
649,14961,18,34,19.0,9.268292682926829,108.50879634146342,Washington DC,Low
650,14970,4,46,3.0,12.0,421.55135,New York,Medium
651,14976,10,17,4.0,7.5,76.86887946428573,New Jersey,Low
652,14978,29,36,21.0,4.1891891891891895,74.44636036036036,Chicago,Low
653,14985,32,4,19.0,11.63265306122449,131.05800408163267,New York,High
654,14987,1,3,0.0,0.0,189.1806,California,Medium
655,15002,23,41,25.0,9.464285714285714,78.92454546485261,Chicago,High
656,15005,70,30,54.0,8.219178082191782,101.99064270493587,New York,Low
657,15012,30,42,14.0,2.5925925925925926,127.18152818930041,California,Medium
658,15018,1,22,0.0,0.0,78.3207,California,Medium
659,15021,19,35,19.0,10.0,91.27427819548872,Chicago,Low
660,15023,41,40,40.0,10.476190476190476,103.93464142857144,Chicago,Medium
661,15024,19,9,17.0,10.851063829787234,135.19466079027356,New York,Medium
662,15028,7,8,2.0,4.285714285714286,87.14457755102042,California,Medium
663,15032,18,4,14.0,4.827586206896552,82.45034559386974,California,Low
664,15033,14,10,17.0,7.96875,77.72463080357143,Chicago,Medium
665,15034,35,2,31.0,3.7804878048780486,89.07956531165313,New York,Medium
666,15038,23,37,9.0,5.142857142857143,88.29268642857143,California,High
667,15039,148,19,103.0,7.32484076433121,115.98918650540895,Chicago,Low
668,15044,52,31,41.0,6.268656716417911,86.54554416607441,California,Medium
669,15046,21,4,12.0,4.489795918367347,105.87012419825074,New Jersey,Low
670,15048,5,17,5.0,6.521739130434782,85.30834409937889,California,Low
671,15052,19,33,9.0,3.0,126.06044296296297,Chicago,Medium
672,15057,17,12,6.0,5.454545454545454,162.6038431818182,Chicago,Medium
673,15058,33,8,19.0,9.344262295081966,128.56269063231852,New Jersey,Low
674,15059,16,20,9.0,5.666666666666667,111.30945148148149,Chicago,Medium
675,15061,80,7,53.0,5.117647058823529,118.43655761904762,California,Medium
676,15062,7,22,4.0,10.909090909090908,53.18577662337662,California,Low
677,15070,1,39,1.0,10.0,592.2084444444445,Washington DC,High
678,15078,30,6,21.0,7.678571428571429,122.22049520975057,New York,Medium
679,15079,17,45,16.0,10.74074074074074,203.1955925925926,California,Medium
680,15081,4,24,4.0,15.0,100.03619285714286,Chicago,Medium
681,15090,15,17,8.0,10.434782608695652,145.2187745341615,Chicago,Medium
682,15093,17,46,11.0,2.8947368421052633,115.36280204678363,California,Low
683,15100,6,49,2.0,8.333333333333334,261.161780952381,California,High
684,15101,4,40,2.0,10.0,65.96919428571428,New York,Low
685,15107,12,20,3.0,3.5,91.16068892857143,New York,High
686,15110,9,8,2.0,2.2222222222222223,244.1340913580247,New Jersey,High
687,15111,9,9,4.0,2.5,207.71923055555555,New Jersey,High
688,15139,4,16,3.0,7.5,52.869637499999996,New Jersey,Medium
689,15144,10,35,7.0,7.368421052631579,249.07630789473683,Chicago,High
690,15157,24,43,13.0,6.964285714285714,68.27203724489796,New Jersey,High
691,15159,51,29,23.0,6.125,123.68103647321429,Chicago,Medium
692,15160,3,30,2.0,15.0,146.702625,Chicago,High
693,15164,5,28,7.0,4.375,34.30621388888889,New York,Low
694,15165,12,36,11.0,4.074074074074074,99.62371275720164,New Jersey,Medium
695,15167,14,2,16.0,3.902439024390244,74.80797452574525,California,Low
696,15171,3,48,2.0,5.714285714285714,23.65617142857143,New Jersey,Low
697,15174,1,34,3.0,8.181818181818182,65.13133506493506,Chicago,High
698,15179,26,19,16.0,3.5555555555555554,99.88066864197532,Chicago,Low
699,15180,6,41,1.0,5.0,116.97754285714286,California,Medium
700,15181,2,20,0.0,0.0,40.916199999999996,New Jersey,Medium
701,15189,7,11,2.0,4.0,166.26695,Washington DC,High
702,15192,9,37,4.0,2.6666666666666665,76.43639555555555,Chicago,High
703,15194,55,33,35.0,7.982456140350878,268.18259445488724,Chicago,Medium
704,15197,3,45,3.0,20.0,25.85897857142857,Chicago,Medium
705,15199,1,41,0.0,0.0,58.98886666666667,New Jersey,Medium
706,15203,6,19,7.0,10.5,16.045605714285717,California,Low
707,15204,7,29,2.0,6.666666666666667,48.43020634920635,New Jersey,Medium
708,15208,1,16,2.0,6.666666666666667,34.73128148148148,Chicago,Medium
709,15211,8,40,9.0,3.9130434782608696,62.54555458937198,California,Low
710,15213,9,41,7.0,5.6,34.092982,Washington DC,Low
711,15215,2,15,1.0,10.0,148.64025,California,Low
712,15218,15,11,11.0,3.9285714285714284,113.0621134920635,New York,High
713,15221,5,7,3.0,4.545454545454546,41.26297878787879,California,Medium
714,15222,5,26,2.0,4.0,215.2391111111111,California,High
715,15224,9,28,8.0,13.125,32.68469375,Chicago,Low
716,15226,7,37,2.0,7.5,132.8659035714286,Chicago,Medium
717,15227,5,42,4.0,5.0,82.729040625,Washington DC,Low
718,15235,34,23,21.0,3.2954545454545454,101.25918167388167,New Jersey,High
719,15240,11,40,6.0,9.411764705882353,171.55732978524745,New York,Medium
720,15246,6,2,5.0,12.5,33.95877261904762,California,Low
721,15260,9,45,6.0,3.5294117647058822,117.16359738562092,Chicago,High
722,15262,9,40,5.0,15.0,255.5624485714286,California,Low
723,15266,4,22,2.0,3.3333333333333335,127.10607407407407,Chicago,Medium
724,15270,8,36,2.0,3.3333333333333335,58.32354365079365,Chicago,High
725,15271,16,37,13.0,3.25,115.53999944444445,Chicago,High
726,15279,7,10,9.0,4.285714285714286,100.18665396825398,California,Low
727,15281,27,36,21.0,7.454545454545454,87.55518545454547,California,Low
728,15288,10,50,8.0,3.076923076923077,116.16481367521367,California,Low
729,15290,7,3,9.0,12.631578947368421,42.97489210526316,New York,High
730,15291,13,32,7.0,4.0,35.826669399092964,California,Low
731,15296,30,40,23.0,11.311475409836065,153.71055878220142,California,Low
732,15298,17,2,12.0,4.102564102564102,66.54499365079366,Chicago,High
733,15299,1,25,2.0,6.666666666666667,141.84116296296295,Chicago,High
734,15301,17,19,10.0,8.823529411764707,152.67615882352942,New Jersey,Medium
735,15304,3,12,1.0,6.0,62.98651428571429,California,Low
736,15311,291,40,188.0,6.7406143344709895,160.98402943076547,Chicago,High
737,15312,5,47,6.0,3.5294117647058822,46.6395816993464,Chicago,Medium
738,15316,1,28,0.0,0.0,57.92,California,Medium
739,15326,10,45,11.0,7.586206896551724,76.85767413793104,Chicago,Low
740,15329,1,48,2.0,6.666666666666667,38.85294074074074,California,Medium
741,15332,17,30,14.0,7.714285714285714,99.58644746031746,California,High
742,15339,32,47,24.0,5.853658536585366,156.72014471544716,Chicago,High
743,15346,7,15,7.0,8.235294117647058,63.361808823529415,California,Low
744,15347,2,48,0.0,0.0,23.39524,California,Low
745,15350,3,48,1.0,2.0,133.29276444444446,California,Low
746,15351,24,29,14.0,5.283018867924528,471.2976787735849,Washington DC,High
747,15353,4,46,2.0,5.0,100.72289761904761,California,Low
748,15356,58,32,37.0,7.876106194690266,111.94720477243996,California,Medium
749,15358,69,35,41.0,4.628099173553719,107.6144790108881,New Jersey,High
750,15361,5,2,3.0,8.571428571428571,90.7509857142857,New York,High
751,15363,2,32,7.0,4.375,89.47572222222223,New York,Medium
752,15365,9,30,5.0,8.333333333333334,214.51859166666668,Chicago,High
753,15366,6,37,3.0,11.25,205.91761071428573,California,High
754,15370,2,38,3.0,7.5,16.8843875,New York,Low
755,15373,16,24,6.0,5.0,130.62641755952382,Washington DC,High
756,15379,62,10,44.0,7.391304347826087,103.68819694041868,California,High
757,15380,1,9,0.0,0.0,386.4354,California,High
758,15384,13,30,8.0,10.476190476190476,117.96240937263796,California,Medium
759,15392,10,50,7.0,10.5,108.66912357142857,California,Medium
760,15394,15,38,7.0,8.75,157.01519345238097,New Jersey,High
761,15395,6,4,5.0,21.428571428571427,253.94454693877555,Chicago,High
762,15415,38,27,17.0,7.083333333333333,190.92885208333334,Chicago,High
763,15421,2,49,5.0,9.375,54.14158571428572,California,Medium
764,15422,4,6,3.0,15.0,83.84107142857142,California,High
765,15426,33,17,37.0,8.705882352941176,98.86636823529413,Chicago,High
766,15443,24,27,19.0,3.7254901960784315,77.70997211328977,Chicago,Medium
767,15447,5,34,2.0,4.444444444444445,84.58730555555556,California,Medium
768,15448,21,24,15.0,10.714285714285714,235.15625357142858,New York,High
769,15454,11,39,5.0,4.0,85.404502,Chicago,Medium
770,15456,12,28,8.0,9.23076923076923,77.51359780219781,California,Low
771,15460,33,4,20.0,3.4482758620689653,133.5510785440613,New York,High
772,15464,68,40,47.0,3.0128205128205128,103.9252905982906,Chicago,Low
773,15465,11,14,9.0,8.095238095238095,95.95397037037037,Chicago,High
774,15468,1,23,1.0,20.0,10.111250000000002,Chicago,Low
775,15482,5,18,1.0,3.75,48.91236428571429,New York,Low
776,15485,12,25,16.0,4.883720930232558,74.47059922480621,New York,Low
777,15497,9,2,1.0,0.9090909090909091,168.4963595959596,New Jersey,Low
778,15498,85,14,67.0,10.122699386503067,96.60716990943617,New York,High
779,15502,22,27,16.0,12.0,153.0161835714286,New York,Medium
780,15503,39,45,19.0,5.428571428571429,73.69094285714286,New York,Low
781,15510,1,15,0.0,0.0,39.1142,New Jersey,Medium
782,15512,4,42,2.0,10.0,36.1358,California,Medium
783,15513,18,21,14.0,4.565217391304348,125.45238768115942,Chicago,High
784,15514,52,22,37.0,6.1946902654867255,78.27116420845624,Chicago,Low
785,15518,28,7,18.0,5.0,81.12960744949496,New Jersey,High
786,15525,36,48,15.0,2.6315789473684212,165.4328298245614,New York,Medium
787,15527,17,21,12.0,5.555555555555555,127.11163868312758,New York,Low
788,15529,42,16,30.0,11.842105263157896,146.88483270676693,California,Low
789,15532,29,23,16.0,9.795918367346939,160.58712332361517,California,Low
790,15535,30,24,13.0,9.512195121951219,139.38864390243901,Chicago,Medium
791,15544,15,22,12.0,4.615384615384615,98.10643418803419,Chicago,Medium
792,15545,12,39,4.0,2.5806451612903225,138.43212096774192,California,High
793,15547,48,40,38.0,8.444444444444445,111.25945777777778,New York,Medium
794,15549,33,5,26.0,8.387096774193548,185.7169814516129,Chicago,Low
795,15555,49,34,39.0,6.979166666666667,81.26884134837964,Chicago,Medium
796,15562,1,26,0.0,0.0,92.9,New York,Medium
797,15563,6,41,9.0,12.272727272727273,94.34689090909092,Chicago,Medium
798,15569,1,32,3.0,8.571428571428571,50.389678571428576,California,Medium
799,15570,57,34,44.0,7.569444444444445,168.3886831845238,New Jersey,Medium
800,15574,64,5,57.0,4.968553459119497,96.25849066586802,New York,Medium
801,15579,18,21,6.0,4.615384615384615,170.96527115384617,California,Low
802,15581,17,18,18.0,3.673469387755102,73.0516231292517,California,Low
803,15587,2,6,1.0,3.3333333333333335,240.11888888888893,Chicago,Medium
804,15589,6,11,5.0,12.5,152.19790714285713,California,Medium
805,15596,18,39,17.0,7.674418604651163,101.51541768180141,California,Low
806,15601,88,46,58.0,6.410256410256411,138.03601446886447,Chicago,Medium
807,15602,12,10,7.0,9.411764705882353,109.04190672268908,New Jersey,Medium
808,15605,9,21,5.0,4.166666666666667,225.686,California,High
809,15606,4,15,8.0,24.0,86.42393571428572,Washington DC,Low
810,15607,6,40,3.0,4.615384615384615,94.50167692307693,Chicago,High
811,15611,1,4,0.0,0.0,43.75606666666667,New York,Medium
812,15615,20,19,18.0,8.8,118.4515702857143,Washington DC,Low
813,15620,13,48,16.0,15.483870967741936,56.43425714285715,Chicago,Medium
814,15626,7,8,7.0,7.0,59.88890375,New Jersey,Medium
815,15628,14,4,4.0,6.315789473684211,144.200822556391,California,High
816,15640,47,30,40.0,5.217391304347826,110.06232816425121,California,Medium
817,15641,7,6,6.0,9.0,86.67844857142858,Chicago,Medium
818,15646,13,10,9.0,5.294117647058823,123.90720130718955,California,Low
819,15649,2,22,0.0,0.0,51.792500000000004,California,Medium
820,15658,17,24,12.0,6.428571428571429,251.56430192743764,Chicago,High
821,15660,6,13,3.0,3.0,78.47954222222222,New Jersey,Low
822,15661,5,24,2.0,6.0,330.8180555555556,California,High
823,15664,1,10,1.0,15.0,268.92357142857145,New York,High
824,15673,17,24,18.0,10.18867924528302,56.19360619946092,New York,Low
825,15680,14,32,12.0,4.0,98.96409259259259,California,High
826,15687,22,20,12.0,6.444444444444445,146.62434865079365,New York,Medium
827,15689,2,16,2.0,6.666666666666667,217.32520833333334,California,High
828,15694,12,41,10.0,6.25,138.09409722222225,New York,Low
829,15696,28,12,15.0,7.708333333333333,93.57244523809526,Chicago,Low
830,15708,47,49,34.0,7.157894736842105,122.61348842105264,Chicago,Medium
831,15713,5,3,3.0,3.0,122.77608222222223,California,Medium
832,15716,22,2,11.0,6.111111111111111,85.29070416666667,Chicago,High
833,15719,95,16,65.0,6.609195402298851,119.05912483123518,Chicago,High
834,15723,22,4,14.0,3.5,108.38301166666668,Washington DC,Medium
835,15727,37,40,28.0,7.575757575757576,94.6077883838384,Chicago,Low
836,15732,4,21,2.0,4.0,81.49368444444445,Chicago,High
837,15738,15,16,14.0,7.5675675675675675,83.3464906048906,New Jersey,Low
838,15749,5,44,1.0,4.0,153.733,Chicago,High
839,15750,12,7,9.0,12.857142857142858,148.771937414966,California,High
840,15752,8,27,5.0,3.5714285714285716,143.88095873015874,New York,Medium
841,15759,1,26,2.0,15.0,39.159099999999995,Washington DC,Medium
842,15769,6,25,3.0,3.3333333333333335,89.57023657407409,Chicago,High
843,15777,6,24,3.0,6.25,84.95965486111112,Chicago,Low
844,15780,9,19,4.0,10.0,208.7262916666667,California,High
845,15781,3,19,2.0,12.0,170.57971428571426,New Jersey,High
846,15789,13,28,8.0,9.6,114.52792000000001,Chicago,Medium
847,15797,1,27,1.0,10.0,238.16666666666669,California,High
848,15799,8,31,9.0,8.181818181818182,55.70115454545455,New Jersey,Low
849,15805,6,33,6.0,5.454545454545454,203.66726464646464,Chicago,High
850,15808,123,6,58.0,5.9523809523809526,149.41188165154952,California,Medium
851,15811,12,27,7.0,5.6521739130434785,70.33629454796412,Chicago,High
852,15812,2,32,0.0,0.0,192.425,Chicago,High
853,15820,9,8,10.0,5.882352941176471,125.06019607843139,New Jersey,Medium
854,15822,6,4,4.0,7.5,80.6187517857143,Chicago,Medium
855,15823,9,27,6.0,3.5294117647058822,49.32743529411765,New York,Medium
856,15827,22,3,8.0,4.137931034482759,130.04563812260537,Chicago,High
857,15831,3,39,5.0,8.333333333333334,80.00783333333334,California,Medium
858,15834,1,12,0.0,0.0,63.574,Chicago,Medium
859,15835,5,46,7.0,9.333333333333334,58.560293333333334,New York,Low
860,15838,5,9,1.0,5.0,104.89858095238095,Chicago,High
861,15841,5,6,1.0,1.4285714285714286,28.386785714285715,New York,Medium
862,15845,7,22,2.0,3.076923076923077,485.53095384615386,Chicago,High
863,15854,14,44,10.0,9.6,132.69576285714285,New York,High
864,15856,32,4,12.0,2.5925925925925926,96.44389341563786,Chicago,Medium
865,15858,18,18,12.0,8.181818181818182,100.83373961038961,California,Low
866,15860,10,46,6.0,12.0,197.33024000000003,New York,High
867,15862,40,24,22.0,3.4375,171.871225,California,High
868,15864,8,17,1.0,2.2222222222222223,170.9249,California,Low
869,15867,78,11,47.0,5.766423357664234,108.40031139497162,New York,Low
870,15880,46,33,35.0,6.60377358490566,171.44226792452832,New York,High
871,15881,19,34,11.0,8.75,173.30476875000002,New York,Low
872,15882,11,45,7.0,12.352941176470589,196.02487563025213,New York,High
873,15885,1,39,0.0,0.0,32.4438,California,Medium
874,15889,37,21,21.0,6.363636363636363,176.48781401515154,California,Medium
875,15894,25,44,11.0,5.7894736842105265,117.4927802631579,Chicago,High
876,15898,38,27,19.0,8.90625,100.34730133928572,Chicago,Medium
877,15899,4,24,1.0,7.5,114.81464285714286,Washington DC,High
878,15910,28,8,16.0,7.619047619047619,179.4414988095238,California,Medium
879,15916,27,37,11.0,3.75,101.41709224537038,Chicago,Low
880,15919,24,24,14.0,8.571428571428571,121.79385539358601,Washington DC,Low
881,15922,6,29,1.0,0.8333333333333334,66.59476851851852,Chicago,High
882,15923,14,34,4.0,1.9047619047619047,122.05164444444446,Chicago,High
883,15938,4,34,1.0,6.0,317.196,Chicago,High
884,15939,7,11,5.0,5.555555555555555,73.27001283068783,California,Medium
885,15940,1,32,1.0,15.0,11.708014285714285,California,Low
886,15945,2,13,0.0,0.0,297.09909999999996,New York,Medium
887,15950,12,44,9.0,9.642857142857142,92.6597642857143,Chicago,Medium
888,15953,11,23,8.0,7.407407407407407,115.07563756613757,New Jersey,High
889,15955,15,49,5.0,2.5,194.55486333333334,California,Medium
890,15965,9,26,8.0,15.0,177.03234285714288,Chicago,Medium
891,15967,15,12,9.0,2.5714285714285716,94.2218780952381,New York,Medium
892,15971,3,39,3.0,22.5,148.64057142857143,Chicago,High
893,15973,3,9,2.0,8.0,86.84823047619048,Chicago,Low
894,15981,2,13,2.0,15.0,39.09394642857143,California,Medium
895,15983,38,25,24.0,3.8271604938271606,95.670555521262,New York,Medium
896,15984,5,25,7.0,7.647058823529412,60.493337908496734,California,Medium
897,15987,3,32,5.0,16.666666666666668,45.03717142857143,California,Medium
898,15996,9,26,13.0,4.0625,36.99656006944444,Chicago,Medium
899,15998,48,16,31.0,5.299145299145299,94.0528626068376,New York,Medium
900,16003,9,10,5.0,7.5,109.09115142857142,California,Low
901,16010,14,5,11.0,9.166666666666666,206.5831125,California,High
902,16011,33,10,15.0,5.4,150.1504026825397,New Jersey,Medium
903,16013,8,31,0.0,0.0,48.247083333333336,New York,Low
904,16016,33,19,25.0,8.714285714285714,120.48405224489798,California,Low
905,16019,9,34,8.0,4.444444444444445,47.57922366255144,California,Medium
906,16029,31,40,14.0,5.490196078431373,134.78139309056957,Washington DC,High
907,16030,21,50,6.0,6.206896551724138,149.19524384236453,New York,Medium
908,16033,50,48,49.0,7.163120567375887,78.126904632444,Chicago,Medium
909,16034,2,26,3.0,6.666666666666667,40.23950833333333,New York,Medium
910,16037,7,15,6.0,12.0,94.02960380952382,California,Medium
911,16042,5,16,2.0,3.3333333333333335,110.72800000000001,Chicago,High
912,16043,8,19,9.0,5.294117647058823,79.18731241830065,California,High
913,16048,5,12,2.0,2.5,202.3756888888889,New Jersey,Medium
914,16059,21,44,19.0,11.63265306122449,76.93828775510205,Chicago,High
915,16062,5,20,0.0,0.0,101.89980000000001,New York,High
916,16065,39,41,23.0,3.108108108108108,119.71284399399399,New York,Medium
917,16081,14,14,10.0,13.636363636363637,174.64154675324676,New York,Medium
918,16083,8,21,7.0,8.235294117647058,43.26944705882353,California,Low
919,16085,12,15,13.0,4.642857142857143,94.79576746031746,California,Medium
920,16086,5,47,3.0,11.25,138.57155,New York,High
921,16094,1,16,0.0,0.0,17.6171,Chicago,Low
922,16098,5,49,2.0,1.6666666666666667,86.89567407407408,Chicago,Medium
923,16109,3,50,0.0,0.0,283.8391666666667,New York,Medium
924,16110,69,29,41.0,10.695652173913043,146.2660801242236,Chicago,High
925,16112,5,16,4.0,6.0,120.20514444444446,Chicago,High
926,16122,8,43,9.0,12.105263157894736,64.49545488721805,California,Low
927,16124,8,34,3.0,3.75,67.998290625,New York,Low
928,16125,11,22,5.0,11.538461538461538,177.51577582417582,California,Low
929,16133,7,22,5.0,4.615384615384615,115.37748803418805,New Jersey,Low
930,16134,12,5,7.0,8.947368421052632,160.0508800334169,New York,High
931,16138,1,20,0.0,0.0,15.784,California,Low
932,16140,6,34,2.0,5.714285714285714,189.17020714285715,California,High
933,16143,12,9,9.0,6.785714285714286,147.0756835600907,California,High
934,16145,17,9,14.0,8.64864864864865,84.1356320892321,California,Low
935,16150,14,34,9.0,3.8461538461538463,105.35611282051283,Washington DC,High
936,16153,7,29,2.0,2.0,133.73719555555556,Chicago,High
937,16156,13,24,4.0,6.666666666666667,127.79854523809523,New York,Medium
938,16161,64,10,42.0,9.43089430894309,133.21365014518003,New York,Medium
939,16163,4,22,1.0,2.0,34.21136,Chicago,Low
940,16168,3,24,1.0,2.5,78.8841125,Washington DC,High
941,16186,2,18,9.0,4.5,49.75357888888889,New York,High
942,16191,15,19,11.0,6.666666666666667,53.71074887566138,Chicago,Medium
943,16202,7,44,8.0,8.88888888888889,63.195991666666664,New York,Medium
944,16203,11,9,2.0,1.6666666666666667,156.3591462962963,California,Low
945,16206,11,28,6.0,7.2,84.58656228571428,California,High
946,16210,20,49,11.0,6.666666666666667,115.27921617535904,New York,Low
947,16218,17,40,12.0,4.285714285714286,163.44594285714285,Chicago,High
948,16221,4,9,5.0,12.5,126.13323095238097,California,Medium
949,16222,71,45,47.0,3.4306569343065694,100.44083260340634,New York,Low
950,16233,6,23,2.0,4.166666666666667,77.63537380952381,New York,Low
951,16235,7,34,3.0,7.777777777777778,118.28771666666665,California,Medium
952,16241,30,34,18.0,3.0985915492957745,103.97890007824726,New York,Low
953,16244,28,36,25.0,3.9682539682539684,106.93680282186949,New York,High
954,16250,8,30,4.0,2.857142857142857,168.17355714285716,California,High
955,16252,12,37,6.0,2.857142857142857,91.93301693121694,Chicago,Low
956,16255,24,7,17.0,2.8333333333333335,88.61005240740741,Chicago,High
957,16262,2,11,0.0,0.0,249.10000000000002,California,High
958,16265,10,38,13.0,3.4210526315789473,88.1680038011696,California,High
959,16270,23,37,17.0,3.207547169811321,99.62071509433962,Chicago,High
960,16271,4,24,5.0,9.375,61.49255714285714,New York,Medium
961,16274,32,43,30.0,4.477611940298507,123.89909187396351,California,High
962,16279,2,40,0.0,0.0,100.91810000000001,Chicago,High
963,16282,8,20,4.0,3.6363636363636362,88.58950505050505,California,Medium
964,16293,7,13,6.0,11.25,65.27489464285715,Chicago,High
965,16303,14,12,7.0,4.0,82.37139714285715,Chicago,Medium
966,16306,7,13,7.0,10.714285714285714,42.78601275510204,New York,High
967,16315,4,35,9.0,12.857142857142858,27.550714285714285,California,Low
968,16316,17,44,9.0,12.857142857142858,145.01449659863945,Chicago,Medium
969,16321,2,18,2.0,15.0,84.76882142857143,New York,Medium
970,16326,14,6,15.0,7.142857142857143,59.82419702380952,Washington DC,Low
971,16327,54,44,32.0,6.4646464646464645,117.76105656565657,California,Medium
972,16333,1,41,0.0,0.0,324.38225,New York,High
973,16350,13,31,10.0,7.2,55.89883055555556,Chicago,Medium
974,16351,2,20,2.0,5.0,52.518556249999996,New York,Low
975,16353,9,6,4.0,6.153846153846154,85.15292979242979,Washington DC,High
976,16359,4,49,1.0,4.0,21.30479,New York,Low
977,16365,6,49,5.0,21.428571428571427,117.58679183673472,California,Medium
978,16367,14,20,9.0,4.864864864864865,50.204272297297294,California,Medium
979,16378,9,4,4.0,12.0,227.50874428571427,Chicago,High
980,16385,9,19,6.0,2.857142857142857,51.35955555555556,California,Low
981,16387,2,20,2.0,5.0,14.906377777777777,California,Low
982,16393,13,20,8.0,7.2727272727272725,82.96127954545456,Chicago,Medium
983,16395,39,18,21.0,8.166666666666666,141.5978744047619,Washington DC,Medium
984,16401,10,40,1.0,2.142857142857143,64.28744387755103,Chicago,Low
985,16402,27,31,16.0,5.614035087719298,141.3742342105263,Chicago,Medium
986,16403,3,26,2.0,4.0,98.97606499999999,California,Medium
987,16405,1,20,1.0,10.0,23.524685714285713,California,Low
988,16407,10,48,4.0,4.0,76.94479,California,Medium
989,16409,30,45,16.0,6.666666666666667,131.700684375,Chicago,Low
990,16411,10,40,6.0,5.714285714285714,54.924532142857146,Chicago,Medium
991,16419,7,50,5.0,8.823529411764707,73.74242016806723,California,Low
992,16422,27,35,13.0,4.62962962962963,103.18697072310405,California,High
993,16424,1,29,0.0,0.0,18.5434,New Jersey,Low
994,16442,29,46,15.0,6.666666666666667,145.3816788888889,New York,High
995,16455,13,23,11.0,7.333333333333333,73.29249,Chicago,High
996,16456,42,47,24.0,9.67741935483871,179.21591149513569,California,High
997,16458,5,12,6.0,12.0,77.280595,Chicago,Medium
998,16470,20,13,12.0,9.0,84.92487500000001,New York,Medium
999,16473,4,36,4.0,10.0,67.56221875,Chicago,Medium
1000,16477,30,50,20.0,4.237288135593221,96.14532419962336,Washington DC,Medium
1001,16493,1,37,3.0,10.0,26.64425,California,Medium
1002,16496,31,16,9.0,4.390243902439025,167.3992756097561,California,High
1003,16497,10,16,5.0,3.3333333333333335,134.72194547325103,California,High
1004,16499,13,31,3.0,1.8181818181818181,105.25141641414142,Chicago,High
1005,16500,1,6,1.0,20.0,20.16,New Jersey,Low
1006,16503,26,29,17.0,6.60377358490566,107.26691873315363,Chicago,Medium
1007,16510,10,39,7.0,5.384615384615385,194.9271128205128,California,High
1008,16515,16,19,15.0,14.516129032258064,109.1501474654378,New Jersey,High
1009,16519,1,45,2.0,4.0,24.131093333333332,Chicago,Medium
1010,16520,32,37,24.0,4.0,150.89744851851853,Washington DC,High
1011,16523,18,6,13.0,10.0,99.56203846153848,New York,Low
1012,16525,27,47,17.0,12.820512820512821,123.56991684981686,California,High
1013,16531,9,28,5.0,5.714285714285714,121.22049484126983,New Jersey,Medium
1014,16532,1,7,1.0,10.0,19.766666666666666,New York,Low
1015,16539,14,2,8.0,4.0,137.48494126984127,California,Medium
1016,16546,11,42,3.0,2.5,157.82067592592594,California,High
1017,16549,15,17,8.0,5.0,68.1183453125,New Jersey,Low
1018,16550,22,34,12.0,7.0588235294117645,94.87036134453781,New York,Low
1019,16551,8,10,3.0,5.454545454545454,74.84501818181819,California,Medium
1020,16552,4,27,3.0,6.0,107.29406666666667,California,Low
1021,16553,5,39,5.0,5.555555555555555,439.44111666666663,Chicago,Medium
1022,16554,1,4,0.0,0.0,299.0589,Chicago,High
1023,16556,9,19,6.0,7.5,116.56939062500001,New York,Medium
1024,16558,28,35,21.0,7.8125,73.8598996155754,California,Medium
1025,16560,10,49,10.0,14.285714285714286,155.62937551020408,California,Medium
1026,16565,2,2,1.0,6.666666666666667,37.8195,Chicago,Medium
1027,16567,14,20,9.0,6.923076923076923,104.48832307692308,California,High
1028,16570,11,15,6.0,9.444444444444445,132.61781071428572,New York,Low
1029,16579,1,50,0.0,0.0,280.731,California,High
1030,16583,5,27,3.0,2.142857142857143,164.12431587301586,California,High
1031,16593,1,4,0.0,0.0,8.249,Chicago,Low
1032,16596,3,18,1.0,1.6666666666666667,17.18618888888889,New York,Low
1033,16600,1,32,4.0,4.444444444444445,140.9155111111111,Chicago,Low
1034,16607,8,31,5.0,16.666666666666668,146.5194888888889,California,Low
1035,16612,14,17,8.0,13.333333333333334,233.34865873015875,California,High
1036,16618,24,11,14.0,4.0,169.51001873015875,New York,Low
1037,16634,6,33,1.0,1.25,154.42209722222225,New York,High
1038,16638,3,34,7.0,17.5,42.33955714285714,New York,Medium
1039,16654,5,15,0.0,0.0,90.38128888888889,California,Medium
1040,16655,13,40,10.0,5.128205128205129,77.46804743589743,Chicago,Low
1041,16656,6,46,2.0,2.727272727272727,18.13540707070707,Chicago,Low
1042,16658,7,40,2.0,7.5,157.1028,Chicago,Medium
1043,16660,1,3,2.0,5.0,11.614944444444443,New Jersey,Low
1044,16665,5,31,5.0,11.11111111111111,140.63994444444447,Chicago,Medium
1045,16670,25,48,13.0,5.961538461538462,88.40242170329671,Chicago,High
1046,16676,8,4,7.0,2.413793103448276,37.58913678160919,New York,Medium
1047,16679,1,28,1.0,3.3333333333333335,38.99457777777778,New York,Low
1048,16684,33,43,20.0,10.175438596491228,128.06371687552215,California,Medium
1049,16686,51,31,25.0,2.8735632183908044,113.07947777777777,New York,Medium
1050,16700,24,7,10.0,3.269230769230769,95.91136955128205,New York,Low
1051,16701,9,14,11.0,11.0,87.92713125,Washington DC,Medium
1052,16705,28,18,21.0,10.166666666666666,70.9235735978836,California,Medium
1053,16710,28,30,32.0,11.733333333333333,83.51546952380953,New York,High
1054,16711,1,34,0.0,0.0,21.3282,Chicago,Low
1055,16713,49,5,35.0,3.3333333333333335,101.45006455026456,Chicago,Medium
1056,16714,47,38,35.0,7.526881720430108,152.81698333333335,New Jersey,Medium
1057,16716,1,44,1.0,30.0,88.96514285714285,California,Medium
1058,16717,8,42,3.0,1.6666666666666667,76.7264512345679,New York,Medium
1059,16718,28,39,13.0,6.046511627906977,126.96833895348837,California,High
1060,16719,34,40,24.0,10.666666666666666,136.0707700793651,New York,High
1061,16722,22,45,10.0,3.5714285714285716,74.39777246787605,New Jersey,High
1062,16725,67,48,44.0,8.1203007518797,118.7084657536699,Chicago,Medium
1063,16726,8,19,8.0,8.0,47.24366,California,Medium
1064,16727,21,11,14.0,3.0434782608695654,97.00557560386474,California,Medium
1065,16730,9,9,4.0,2.857142857142857,250.9336920634921,Washington DC,High
1066,16735,26,42,13.0,5.531914893617022,86.63877446808512,New Jersey,High
1067,16743,13,9,6.0,6.0,98.99877523809523,California,Medium
1068,16745,28,29,17.0,8.793103448275861,121.2911197044335,New York,Medium
1069,16746,27,16,15.0,9.574468085106384,91.44431063829786,New York,High
1070,16748,9,41,4.0,4.7368421052631575,120.10428984962405,Chicago,Low
1071,16752,4,42,7.0,7.777777777777778,133.4275925925926,New York,High
1072,16754,2,5,0.0,0.0,82.2953,New Jersey,Low
1073,16755,7,33,5.0,6.25,132.10723125,California,High
1074,16757,6,22,2.0,2.857142857142857,146.59298412698413,Chicago,High
1075,16767,26,29,17.0,6.8,158.5616505,Washington DC,Low
1076,16770,45,26,24.0,7.164179104477612,172.02971579009713,Chicago,High
1077,16771,57,39,35.0,8.095238095238095,137.5776862282691,Chicago,Low
1078,16775,19,19,13.0,10.333333333333334,125.1382219047619,Chicago,Low
1079,16779,36,11,20.0,5.866666666666666,94.7199921904762,Washington DC,Medium
1080,16781,14,38,6.0,3.1578947368421053,128.11643391812865,New York,Low
1081,16782,61,45,38.0,6.050420168067227,114.580187515006,New York,Medium
1082,16791,17,7,18.0,6.7924528301886795,75.09909952830189,Chicago,High
1083,16795,32,20,29.0,4.393939393939394,89.95974545454546,California,Medium
1084,16805,31,15,16.0,5.818181818181818,87.86038045454545,Chicago,Low
1085,16810,1,12,1.0,20.0,52.24125,New York,Medium
1086,16812,7,40,4.0,5.333333333333333,158.30548333333334,New York,High
1087,16814,36,22,24.0,5.326086956521739,107.12021536404417,California,High
1088,16816,16,31,5.0,6.0,175.73952,Chicago,High
1089,16817,13,20,5.0,7.894736842105263,117.00027067669173,California,High
1090,16833,8,46,4.0,4.444444444444445,112.37223333333333,California,Medium
1091,16835,1,11,2.0,4.0,63.90018222222223,Chicago,Medium
1092,16839,10,10,11.0,10.0,83.22866520634922,New York,Low
1093,16843,8,31,7.0,11.052631578947368,129.85423609022558,New York,Medium
1094,16850,13,22,6.0,6.315789473684211,97.48019736842106,California,High
1095,16858,2,47,4.0,9.23076923076923,53.886562637362644,Chicago,Low
1096,16861,1,41,1.0,15.0,23.871214285714288,New York,Low
1097,16863,5,22,2.0,6.0,152.84184,Chicago,High
1098,16873,43,6,19.0,5.428571428571429,58.540166428571425,California,Medium
1099,16875,17,3,10.0,5.185185185185185,96.37241954732511,California,Medium
1100,16882,1,28,0.0,0.0,267.8,Chicago,High
1101,16883,11,37,5.0,5.882352941176471,164.01195,Washington DC,Medium
1102,16885,23,27,13.0,13.0,191.81677,New York,High
1103,16889,20,23,16.0,6.666666666666667,127.10134062499999,Chicago,High
1104,16891,37,12,24.0,7.0588235294117645,146.62266213235293,Chicago,Low
1105,16892,1,16,1.0,30.0,82.96828571428571,Chicago,Medium
1106,16893,31,50,21.0,14.318181818181818,123.63065584415585,New York,Medium
1107,16897,19,49,9.0,6.0,152.59698333333336,New Jersey,High
1108,16898,11,40,11.0,10.0,129.81560303030304,Chicago,Low
1109,16899,9,36,8.0,10.0,67.81729375,Chicago,Medium
1110,16904,44,17,21.0,8.289473684210526,113.27012443609024,California,Low
1111,16905,5,33,3.0,6.666666666666667,145.81381111111114,New York,High
1112,16907,19,16,16.0,4.705882352941177,128.6174846405229,California,Low
1113,16912,5,16,7.0,16.153846153846153,118.53983516483518,Washington DC,Medium
1114,16916,23,7,16.0,3.2,78.97388844444444,New York,Medium
1115,16918,10,47,13.0,8.387096774193548,111.18000483870968,Washington DC,High
1116,16919,34,10,23.0,8.153846153846153,146.4836923076923,New York,High
1117,16923,59,23,41.0,6.56,153.895204,New York,Low
1118,16926,6,48,5.0,7.142857142857143,50.506524999999996,California,Low
1119,16927,1,45,1.0,10.0,22.917099999999998,Chicago,Low
1120,16928,5,19,3.0,2.727272727272727,164.10987676767675,California,Medium
1121,16931,54,37,46.0,7.03125,108.35857073412699,New Jersey,High
1122,16938,9,7,7.0,15.0,201.3710663265306,New Jersey,High
1123,16943,10,34,5.0,2.380952380952381,82.74690158730158,Washington DC,Low
1124,16945,7,9,5.0,7.894736842105263,88.43776390977445,Chicago,Medium
1125,16948,4,2,2.0,12.0,194.2590285714286,Chicago,High
1126,16949,4,44,0.0,0.0,186.38764,New York,High
1127,16950,2,26,1.0,10.0,62.83571428571429,Chicago,Low
1128,16954,5,6,4.0,10.0,52.90835476190477,California,Low
1129,16955,12,15,3.0,3.75,97.61355902777778,New York,High
1130,16983,10,21,6.0,4.3478260869565215,64.74624106280193,New York,Medium
1131,16985,17,5,14.0,10.303030303030303,157.05621515151518,Chicago,Medium
1132,16992,2,7,1.0,15.0,42.90521428571429,California,Low
1133,16995,1,50,0.0,0.0,27.1854,California,Low
1134,16996,4,13,2.0,6.666666666666667,66.76204126984128,New York,High
1135,16997,5,35,2.0,7.5,130.90612142857145,New Jersey,Medium
1136,17001,18,18,13.0,6.5625,66.71296230158731,California,Medium
1137,17007,8,3,3.0,6.923076923076923,129.63307032967035,Chicago,High
1138,17017,42,40,28.0,8.266666666666667,127.44545098412699,California,Medium
1139,17018,5,26,2.0,10.0,139.03678095238095,Chicago,Medium
1140,17019,46,25,27.0,7.222222222222222,112.06212071428571,New York,Low
1141,17025,5,45,1.0,2.0,255.81475555555556,Chicago,High
1142,17026,3,23,0.0,0.0,57.91346666666667,California,Low
1143,17027,18,32,13.0,6.046511627906977,96.20768604651164,California,Medium
1144,17033,4,47,4.0,15.0,81.25059285714286,California,Low
1145,17035,8,10,9.0,15.0,125.47715079365081,New York,High
1146,17041,4,15,4.0,4.444444444444445,49.409129166666666,New York,Low
1147,17044,1,29,1.0,10.0,26.327466666666666,Washington DC,Medium
1148,17048,7,39,5.0,6.25,91.47171250000001,Chicago,High
1149,17059,69,24,39.0,6.666666666666667,97.33951880341881,California,Low
1150,17062,34,44,25.0,6.76056338028169,108.12762315001117,Chicago,Low
1151,17064,9,7,10.0,13.043478260869565,225.25683105590065,Chicago,High
1152,17068,38,31,20.0,7.0588235294117645,115.23864642857144,Washington DC,Medium
1153,17069,14,10,10.0,3.3333333333333335,95.67086962962964,California,Medium
1154,17071,8,15,5.0,8.823529411764707,97.97292436974791,Chicago,High
1155,17075,6,24,6.0,3.3333333333333335,27.084354320987657,California,Medium
1156,17076,5,46,3.0,4.285714285714286,183.5182793650794,New York,High
1157,17082,11,30,7.0,2.9166666666666665,24.31214351851852,California,Low
1158,17085,39,19,24.0,4.588235294117647,82.45478866013073,California,Medium
1159,17090,2,23,1.0,5.0,62.295877777777775,New Jersey,Medium
1160,17091,20,37,15.0,7.735849056603773,88.06960548068284,California,Medium
1161,17094,8,35,5.0,3.3333333333333335,143.03138222222225,Chicago,Low
1162,17095,5,35,8.0,9.411764705882353,50.447167647058826,California,Low
1163,17097,29,33,21.0,6.190476190476191,118.94647382212145,California,High
1164,17105,27,38,11.0,8.68421052631579,168.23931766917295,New Jersey,Medium
1165,17114,11,19,12.0,8.275862068965518,119.64563879310346,California,Medium
1166,17118,7,49,3.0,3.0,204.4408977777778,New Jersey,High
1167,17126,28,32,19.0,6.031746031746032,128.06152023809526,Chicago,Low
1168,17128,6,47,4.0,5.714285714285714,81.56963214285715,New York,Low
1169,17135,6,45,4.0,4.444444444444445,190.03378024691358,California,Medium
1170,17146,6,5,5.0,9.375,184.14744464285715,California,Low
1171,17147,8,24,7.0,11.666666666666666,73.15026507936508,Chicago,Low
1172,17158,16,17,10.0,8.0,105.421548,California,Medium
1173,17179,8,31,3.0,3.0,115.35894249999998,New Jersey,Low
1174,17180,32,35,17.0,6.296296296296297,136.94199722222223,Chicago,Low
1175,17181,2,49,0.0,0.0,187.1391,New York,Medium
1176,17188,27,8,13.0,5.945945945945946,112.42077867867869,Chicago,Low
1177,17189,19,42,15.0,11.842105263157896,139.88512556390978,New York,High
1178,17191,36,13,20.0,8.333333333333334,139.2005767857143,Chicago,Low
1179,17194,13,19,8.0,5.714285714285714,67.14928928571429,New Jersey,Medium
1180,17198,44,18,22.0,4.935064935064935,153.52966100288603,New York,High
1181,17204,3,29,0.0,0.0,133.23333333333335,Chicago,Medium
1182,17211,25,29,24.0,5.405405405405405,79.89588292042042,Chicago,Medium
1183,17213,20,25,14.0,4.339622641509434,86.0811601677149,Chicago,High
1184,17214,15,28,9.0,10.0,95.13688994708994,California,Medium
1185,17218,59,31,43.0,8.15126050420168,88.14198274309724,Chicago,Medium
1186,17220,38,19,23.0,6.666666666666667,134.85534239130436,New York,Medium
1187,17223,27,10,12.0,7.346938775510204,190.79540962099125,California,Medium
1188,17226,13,22,6.0,8.571428571428571,134.9847231292517,Chicago,High
1189,17227,3,19,0.0,0.0,34.09597,New Jersey,Low
1190,17228,25,42,15.0,6.458333333333333,103.51977245370371,Chicago,High
1191,17230,39,29,30.0,11.0,136.88598230158732,California,Medium
1192,17231,36,5,27.0,7.529411764705882,113.2306561344538,California,High
1193,17235,7,12,2.0,2.0,211.80045555555557,California,High
1194,17236,15,28,12.0,5.151515151515151,93.12817676767676,California,Medium
1195,17238,51,20,23.0,4.4186046511627906,140.21534586563308,Chicago,Medium
1196,17239,14,28,5.0,5.625,206.58798680555557,California,Medium
1197,17243,36,9,21.0,6.40625,118.73974745163692,Chicago,High
1198,17251,22,46,11.0,5.641025641025641,64.88960769230769,California,Medium
1199,17256,7,43,3.0,7.5,105.12827857142857,New York,Low
1200,17259,32,8,18.0,6.27906976744186,84.37522840531562,Chicago,High
1201,17262,1,22,1.0,5.0,11.860666666666667,California,Low
1202,17277,29,31,15.0,2.8846153846153846,98.52739038461537,California,Medium
1203,17284,49,38,43.0,6.615384615384615,63.076525,New York,High
1204,17287,9,45,5.0,4.090909090909091,118.22063217893218,Washington DC,High
1205,17288,5,3,2.0,5.0,145.42347142857145,California,Low
1206,17291,1,14,0.0,0.0,139.93,Chicago,High
1207,17293,15,16,9.0,8.4,117.29328028571427,Chicago,Low
1208,17303,21,39,15.0,5.660377358490566,63.01413490566038,Chicago,Medium
1209,17306,5,9,4.0,5.555555555555555,28.228004938271607,California,Low
1210,17307,1,17,0.0,0.0,28.6442,New York,Medium
1211,17311,19,6,8.0,6.666666666666667,195.05555,California,High
1212,17314,15,24,10.0,11.153846153846153,174.8527956043956,Washington DC,High
1213,17315,51,10,32.0,9.411764705882353,129.57133290382822,New York,Low
1214,17320,11,40,5.0,6.818181818181818,95.87563116883119,California,Medium
1215,17324,7,49,10.0,10.0,132.17524248366016,New Jersey,Medium
1216,17329,9,9,4.0,5.0,188.74164687500001,Chicago,Medium
1217,17334,7,8,4.0,12.0,224.42386000000002,Washington DC,High
1218,17337,139,44,81.0,9.346153846153847,183.40657241758242,California,Medium
1219,17338,56,40,34.0,5.573770491803279,71.0252155737705,New Jersey,Low
1220,17339,1,21,0.0,0.0,12.608,California,Low
1221,17340,61,36,51.0,3.7226277372262775,92.77083333333334,California,Low
1222,17341,65,13,59.0,3.6875,89.11077201388889,New York,Medium
1223,17343,8,32,4.0,2.3529411764705883,79.54492418300654,New York,Low
1224,17346,21,12,12.0,4.25531914893617,85.10172070246539,New Jersey,Low
1225,17356,14,8,6.0,9.473684210526315,125.11718646616544,Chicago,Medium
1226,17358,26,6,17.0,4.0476190476190474,135.10143121693122,Chicago,High
1227,17362,6,46,4.0,10.0,111.15925952380952,California,Medium
1228,17364,16,39,19.0,7.5,53.52343942307693,New York,Low
1229,17365,29,11,29.0,7.341772151898734,73.84650316455696,New York,Low
1230,17368,22,8,17.0,5.0,79.92950925925926,Chicago,Low
1231,17371,4,24,2.0,5.0,216.29635000000002,New Jersey,High
1232,17372,39,4,29.0,6.105263157894737,111.702445,New York,High
1233,17373,9,11,5.0,5.882352941176471,156.36435294117646,New Jersey,Medium
1234,17375,25,21,17.0,10.232558139534884,130.68854368770764,New Jersey,Medium
1235,17376,5,34,3.0,6.923076923076923,61.74417142857143,New Jersey,Low
1236,17377,28,34,19.0,5.555555555555555,111.35731492063492,Chicago,Low
1237,17381,14,17,3.0,4.7368421052631575,181.35416917293233,New Jersey,High
1238,17389,14,2,2.0,2.3529411764705883,173.98224705882353,New York,Medium
1239,17392,34,6,22.0,10.64516129032258,156.8454122119816,Chicago,Low
1240,17396,2,13,0.0,0.0,15.3382,California,Low
1241,17400,17,45,18.0,4.864864864864865,212.16488468468467,California,High
1242,17402,13,37,6.0,4.444444444444445,106.8598962962963,California,Medium
1243,17404,33,11,14.0,7.291666666666667,113.39330699404762,New Jersey,Medium
1244,17406,47,3,54.0,9.741379310344827,85.28502971059115,Chicago,Medium
1245,17411,2,16,1.0,5.0,109.12343333333335,Chicago,Low
1246,17412,14,19,10.0,11.428571428571429,143.64038246409677,California,Low
1247,17418,7,26,5.0,12.5,112.70110952380952,Chicago,Medium
1248,17419,18,48,13.0,10.54054054054054,86.10979845559845,New York,Low
1249,17420,5,19,0.0,0.0,92.93617142857144,New York,Medium
1250,17428,20,14,16.0,7.0,59.93001985714286,California,Medium
1251,17430,3,36,2.0,4.0,304.5888888888889,Chicago,High
1252,17431,26,7,14.0,6.511627906976744,188.93112674418606,Chicago,High
1253,17442,1,34,1.0,10.0,304.1933333333334,California,High
1254,17446,3,42,1.0,6.0,188.865,New York,High
1255,17449,38,24,23.0,9.452054794520548,125.613626223092,Chicago,Medium
1256,17450,23,17,35.0,9.594594594594595,53.03633180501931,California,Medium
1257,17454,7,15,3.0,10.0,150.2378285714286,New Jersey,Medium
1258,17456,7,34,3.0,1.7647058823529411,65.07905882352941,New Jersey,Medium
1259,17457,5,47,3.0,11.25,140.33779285714286,Chicago,Medium
1260,17460,6,35,3.0,3.75,75.61394722222222,California,High
1261,17463,57,27,30.0,6.382978723404255,133.23592420212768,New York,Low
1262,17470,6,48,3.0,8.181818181818182,131.18286233766233,California,Medium
1263,17491,7,31,4.0,9.23076923076923,36.66392747252747,New Jersey,Low
1264,17496,4,7,2.0,6.0,38.43443285714286,Chicago,Medium
1265,17504,14,9,12.0,4.444444444444445,95.02973580246915,Chicago,High
1266,17507,33,25,16.0,10.666666666666666,168.36680984126986,California,Low
1267,17511,106,25,78.0,8.544600938967136,112.3515152917505,Chicago,High
1268,17515,14,44,7.0,2.2580645161290325,103.16949032258066,California,High
1269,17517,8,20,5.0,13.636363636363637,134.30137532467532,California,High
1270,17519,9,46,4.0,6.315789473684211,117.71676390977444,New Jersey,Medium
1271,17524,1,4,3.0,10.0,60.603566666666666,California,Medium
1272,17525,4,11,3.0,10.0,57.13656349206349,New York,Medium
1273,17526,6,22,1.0,1.4285714285714286,90.72765238095238,California,Low
1274,17530,29,28,19.0,2.923076923076923,100.9233382905983,Chicago,Medium
1275,17540,2,37,2.0,5.0,53.84984375,New York,Medium
1276,17547,2,41,1.0,5.0,104.8116888888889,Chicago,Low
1277,17548,4,50,2.0,2.857142857142857,100.59295873015874,Chicago,High
1278,17551,17,32,11.0,7.674418604651163,78.83375548172758,Chicago,Low
1279,17552,2,44,4.0,3.076923076923077,108.643052991453,New York,Medium
1280,17555,23,27,22.0,8.979591836734693,101.1677107142857,Chicago,High
1281,17560,2,19,4.0,30.0,86.36653571428572,California,Medium
1282,17567,6,9,11.0,4.074074074074074,108.48129711934156,California,Medium
1283,17569,14,41,4.0,2.7586206896551726,77.04886896551726,California,Medium
1284,17572,2,49,1.0,2.5,120.97524444444446,Chicago,Medium
1285,17576,25,23,12.0,5.454545454545454,179.88705187590188,California,High
1286,17580,26,30,20.0,9.772727272727273,135.77080714285714,Chicago,High
1287,17581,39,25,25.0,5.846153846153846,101.28465341880342,California,High
1288,17585,17,26,10.0,3.5714285714285716,139.7915623015873,California,Low
1289,17591,42,25,35.0,9.797979797979798,85.2719888247555,New York,High
1290,17593,11,22,8.0,3.076923076923077,39.721621794871794,New York,Medium
1291,17596,28,38,22.0,11.0,110.68635142857144,California,Medium
1292,17602,56,40,27.0,7.864077669902913,149.5478839112344,Chicago,Medium
1293,17604,19,28,11.0,12.222222222222221,192.28861534391538,California,Medium
1294,17609,33,21,46.0,13.8,95.96608057142858,New York,High
1295,17611,104,26,77.0,6.994818652849741,116.06744302574225,New York,Medium
1296,17616,1,6,0.0,0.0,137.4,New York,High
1297,17618,22,17,10.0,3.7735849056603774,59.8527891509434,Chicago,Low
1298,17619,46,30,36.0,14.025974025974026,108.21570964749537,New York,Medium
1299,17621,12,25,6.0,7.333333333333333,195.44870037037037,California,High
1300,17629,9,11,8.0,19.166666666666668,137.91928273809523,New York,High
1301,17633,1,17,1.0,30.0,32.95457142857143,Chicago,Medium
1302,17634,24,32,19.0,2.5675675675675675,67.187540990991,Chicago,Medium
1303,17643,4,33,3.0,3.75,88.723725,California,Low
1304,17644,1,5,1.0,10.0,23.818,Chicago,Low
1305,17646,5,13,3.0,3.3333333333333335,121.81156172839506,New Jersey,Low
1306,17655,5,2,6.0,7.2727272727272725,33.14707359307359,New York,Low
1307,17659,6,33,4.0,2.3529411764705883,110.9615908496732,California,Medium
1308,17671,1,34,7.0,4.117647058823529,28.917281045751633,New York,Low
1309,17672,19,39,14.0,10.24390243902439,153.91859477351917,California,Medium
1310,17673,38,12,17.0,3.8636363636363638,204.9806368686869,Chicago,Medium
1311,17674,5,2,5.0,13.636363636363637,52.16797012987013,Chicago,Medium
1312,17675,26,17,25.0,8.688524590163935,117.94743596148844,New York,Medium
1313,17676,3,15,8.0,5.333333333333333,106.07947851851851,New York,High
1314,17677,28,3,15.0,7.5,92.29326024531025,New York,Medium
1315,17682,6,39,5.0,8.823529411764707,101.62014705882353,Chicago,Medium
1316,17685,22,37,18.0,11.21951219512195,110.10546631823462,Washington DC,Medium
1317,17690,38,6,32.0,10.0,123.01628224728488,Chicago,High
1318,17691,6,48,6.0,9.473684210526315,46.20503609022556,Chicago,High
1319,17692,15,11,8.0,9.6,144.49045314285718,New Jersey,High
1320,17696,4,2,4.0,7.142857142857143,195.94321904761904,California,High
1321,17700,2,21,1.0,3.3333333333333335,21.3704,New York,Medium
1322,17702,3,28,1.0,2.0,132.0796222222222,Chicago,High
1323,17706,18,29,11.0,11.785714285714286,112.34854642857144,New Jersey,High
1324,17707,1,4,1.0,6.666666666666667,16.34775,Chicago,Low
1325,17708,16,44,14.0,16.153846153846153,162.993710989011,New York,High
1326,17714,6,6,6.0,6.0,66.85042,New York,Low
1327,17720,1,28,0.0,0.0,64.3082,Chicago,Medium
1328,17722,49,12,34.0,7.625,102.81476412698414,Chicago,Medium
1329,17730,6,30,5.0,8.333333333333334,93.44913333333335,Chicago,Low
1330,17732,11,8,9.0,5.0,130.91689135802469,Chicago,Low
1331,17735,28,49,17.0,4.385964912280702,148.05407179058759,New Jersey,Medium
1332,17739,2,7,5.0,8.333333333333334,84.27131458333334,California,Medium
1333,17742,8,35,5.0,7.6923076923076925,109.54758461538462,Chicago,Medium
1334,17744,17,42,17.0,9.019607843137255,59.67389271708684,New York,High
1335,17752,1,38,0.0,0.0,179.8,California,High
1336,17757,56,45,37.0,6.147540983606557,88.6373871649753,New York,Medium
1337,17760,7,45,2.0,2.2222222222222223,122.73768148148149,New Jersey,High
1338,17769,23,32,13.0,3.823529411764706,143.99600522875818,New York,Low
1339,17771,9,33,10.0,13.636363636363637,147.38180000000003,New York,Medium
1340,17786,10,9,7.0,5.0,92.86217678571428,California,Medium
1341,17787,41,8,19.0,6.329113924050633,110.90486148282098,California,Low
1342,17790,15,34,8.0,6.956521739130435,106.50614820565909,Washington DC,Medium
1343,17796,46,5,28.0,7.17948717948718,155.45575705128203,Washington DC,High
1344,17799,60,14,36.0,3.9495798319327733,97.6348751633987,Chicago,High
1345,17800,7,12,4.0,6.666666666666667,60.71526666666667,Chicago,Low
1346,17802,5,13,2.0,1.6666666666666667,81.14043888888888,California,Medium
1347,17809,3,24,4.0,5.333333333333333,74.56027666666667,New Jersey,Low
1348,17811,76,35,36.0,7.2727272727272725,140.50032654466747,California,Low
1349,17812,11,20,14.0,13.125,71.31900625,Chicago,High
1350,17816,2,29,4.0,4.0,234.96497888888885,Chicago,Low
1351,17819,4,13,4.0,5.714285714285714,110.86234285714285,Chicago,Medium
1352,17820,1,35,2.0,20.0,189.16961904761902,Chicago,High
1353,17827,51,32,32.0,2.857142857142857,80.70373472222222,California,High
1354,17838,16,14,15.0,3.488372093023256,127.39992351421188,California,High
1355,17841,263,21,207.0,7.3204903677758315,110.91363357379146,California,Medium
1356,17848,5,25,3.0,6.153846153846154,23.972929120879122,Chicago,Low
1357,17849,2,8,5.0,12.5,228.7854375,California,Medium
1358,17850,177,12,90.0,3.0405405405405403,144.94007563813815,Chicago,High
1359,17855,9,13,2.0,1.1764705882352942,102.82450849673202,New York,High
1360,17857,4,47,3.0,10.0,155.0066111111111,Chicago,High
1361,17858,28,34,13.0,7.428571428571429,172.4856048979592,Chicago,Low
1362,17860,30,49,23.0,12.105263157894736,81.41047844611529,New Jersey,Medium
1363,17861,6,37,1.0,1.4285714285714286,145.58408888888889,Chicago,Medium
1364,17862,8,17,7.0,19.09090909090909,130.58406233766235,Chicago,Medium
1365,17863,23,50,16.0,8.541666666666666,105.11263303571428,Chicago,Medium
1366,17865,23,12,11.0,5.714285714285714,146.65658095238098,Chicago,High
1367,17869,6,50,7.0,13.125,69.90748660714287,California,Medium
1368,17870,1,40,0.0,0.0,53.5882,New Jersey,Medium
1369,17873,4,26,4.0,5.0,164.83443055555557,California,Medium
1370,17880,10,12,9.0,3.4615384615384617,90.36014572649573,California,Medium
1371,17884,54,37,29.0,8.172043010752688,127.51051766513058,Chicago,High
1372,17888,7,37,8.0,4.444444444444445,65.02494814814814,New York,Medium
1373,17889,9,40,5.0,4.166666666666667,111.40429074074075,New Jersey,Low
1374,17890,40,27,37.0,6.881720430107527,101.06034692353646,Chicago,Low
1375,17894,56,37,33.0,5.739130434782608,112.65179420289856,California,Low
1376,17897,33,19,23.0,6.805555555555555,107.3233765873016,Washington DC,Low
1377,17905,10,42,11.0,3.9285714285714284,74.99486547619048,New York,High
1378,17908,32,15,16.0,2.7586206896551726,114.50951992337166,California,High
1379,17912,19,7,11.0,7.435897435897436,57.627481074481075,New Jersey,High
1380,17913,12,29,13.0,12.580645161290322,50.173342396313366,New York,Medium
1381,17917,17,40,10.0,6.896551724137931,116.48234137931034,California,Low
1382,17920,64,18,38.0,5.142857142857143,135.37971294028722,California,Medium
1383,17924,4,26,0.0,0.0,62.696780000000004,New Jersey,Medium
1384,17925,1,12,0.0,0.0,29.6162,New York,Medium
1385,17929,2,4,1.0,15.0,192.54928571428573,California,High
1386,17937,11,38,5.0,5.555555555555555,72.30744444444444,New York,Medium
1387,17949,2,15,1.0,10.0,44.141825000000004,New Jersey,Medium
1388,17950,19,39,16.0,4.0,210.2812802777778,New York,High
1389,17951,8,36,3.0,5.0,104.92862222222223,Chicago,Medium
1390,17954,39,22,32.0,10.595238095238095,110.66725416666668,New York,Low
1391,17961,29,10,31.0,4.074074074074074,156.3191136978248,California,Medium
1392,17964,23,5,13.0,3.7142857142857144,153.02203492063492,New Jersey,Low
1393,17965,45,7,28.0,5.6521739130434785,68.84909527691511,Chicago,High
1394,17967,26,6,17.0,7.23404255319149,124.12841170212766,Chicago,Medium
1395,17968,31,33,33.0,3.8823529411764706,121.3810888888889,New York,Low
1396,17969,3,11,3.0,8.571428571428571,27.269564285714285,California,Medium
1397,17975,35,6,31.0,7.159090909090909,170.7607043335137,Chicago,Low
1398,17976,33,12,19.0,3.015873015873016,102.96535873015874,Washington DC,Medium
1399,17978,4,15,2.0,1.6666666666666667,57.59585277777777,Chicago,Medium
1400,17980,7,47,6.0,12.0,64.80411238095239,New York,Low
1401,17988,11,45,4.0,9.23076923076923,202.54214505494505,Chicago,High
1402,17990,8,20,8.0,10.0,113.28661550925926,New York,Low
1403,17999,17,30,15.0,3.9473684210526314,130.4043081871345,New Jersey,High
1404,18004,18,30,13.0,6.5,101.7203375,Chicago,Low
1405,18008,5,25,4.0,3.3333333333333335,46.59138888888889,California,Low
1406,18011,13,7,5.0,1.7857142857142858,71.94819523809524,California,Medium
1407,18016,23,16,14.0,7.5675675675675675,99.3170695945946,Chicago,Medium
1408,18017,1,37,0.0,0.0,29.5808,Chicago,Medium
1409,18032,3,37,3.0,12.0,15.99991,Chicago,Low
1410,18037,7,46,2.0,5.0,72.51230625,New Jersey,Medium
1411,18041,95,30,53.0,4.2592592592592595,117.79115717225162,Washington DC,Low
1412,18043,28,18,25.0,11.363636363636363,106.92435,New York,High
1413,18044,3,9,0.0,0.0,156.74606666666668,California,Medium
1414,18050,5,48,2.0,12.0,183.11004,California,Low
1415,18055,50,18,33.0,9.0625,124.84656778273809,Washington DC,Medium
1416,18061,6,4,5.0,4.545454545454546,131.8393090909091,Washington DC,Medium
1417,18062,3,25,2.0,4.0,30.214924444444442,California,Medium
1418,18065,17,47,7.0,3.1818181818181817,96.09852424242423,Chicago,Medium
1419,18069,33,10,32.0,12.467532467532468,93.28830018552877,Chicago,Low
1420,18071,4,24,6.0,4.285714285714286,52.36557619047619,Chicago,Medium
1421,18074,12,10,3.0,2.5,178.24421481481485,California,High
1422,18075,19,12,8.0,3.611111111111111,98.99576384479718,New York,Low
1423,18077,32,34,30.0,9.841269841269842,113.93868460569414,Chicago,Medium
1424,18085,15,34,9.0,4.827586206896552,97.27420038314177,Chicago,Medium
1425,18092,12,34,5.0,2.857142857142857,90.1382015873016,California,Medium
1426,18095,12,14,8.0,7.619047619047619,81.4048738095238,Chicago,Medium
1427,18097,11,6,5.0,3.125,112.95255138888889,New York,Medium
1428,18102,14,48,5.0,8.333333333333334,157.42866190476195,Chicago,Medium
1429,18106,19,49,18.0,9.23076923076923,111.09503333333333,California,Low
1430,18109,33,9,21.0,5.416666666666667,64.59008540564373,New York,Medium
1431,18113,1,3,0.0,0.0,139.07459999999998,New York,High
1432,18116,77,38,54.0,4.1558441558441555,87.61052869511441,Chicago,Medium
1433,18118,120,24,77.0,6.84,108.56395752539682,Chicago,Medium
1434,18119,12,20,7.0,7.0,76.54142285714286,California,Medium
1435,18125,45,3,29.0,6.9879518072289155,167.58674728915662,Chicago,Medium
1436,18136,10,28,6.0,3.3333333333333335,113.97647654320988,Chicago,High
1437,18141,1,28,0.0,0.0,41.8484,California,Medium
1438,18144,5,26,3.0,5.0,68.11295666666666,California,High
1439,18145,24,36,12.0,5.714285714285714,115.37587976190476,Chicago,Low
1440,18156,34,26,18.0,6.545454545454546,81.09002000000001,California,Medium
1441,18161,8,47,6.0,4.0,63.19126962962962,California,Low
1442,18168,29,5,13.0,5.2272727272727275,110.21187835497835,Chicago,Medium
1443,18171,9,21,5.0,6.666666666666667,111.55732333333334,New York,High
1444,18176,13,19,9.0,7.575757575757576,101.28875483405484,New York,Low
1445,18178,15,33,12.0,7.428571428571429,104.19062743764174,New York,Medium
1446,18179,13,6,17.0,12.857142857142858,76.1677355102041,New York,Low
1447,18190,6,8,3.0,6.0,53.935235,California,Low
1448,18193,1,31,1.0,10.0,17.513333333333332,California,Low
1449,18198,15,29,11.0,10.0,115.31127261904761,Chicago,Medium
1450,18202,17,18,9.0,11.73913043478261,270.3311180124224,New Jersey,High
1451,18212,21,37,9.0,6.27906976744186,94.88732857142858,California,Medium
1452,18219,12,32,9.0,8.75,64.72211607142857,New York,Medium
1453,18223,32,44,25.0,11.833333333333334,102.3016414814815,Washington DC,Medium
1454,18225,2,28,3.0,10.0,48.370000000000005,New Jersey,Low
1455,18226,11,40,9.0,4.545454545454546,65.79735353535354,New Jersey,Low
1456,18229,13,16,7.0,7.647058823529412,178.27576928104577,New York,Medium
1457,18230,2,36,2.0,20.0,92.19950793650794,California,High
1458,18233,1,2,1.0,30.0,162.35714285714286,New Jersey,High
1459,18239,27,20,15.0,3.076923076923077,138.99736623931625,New York,Low
1460,18245,30,5,15.0,4.181818181818182,165.7887278787879,Washington DC,Medium
1461,18250,6,15,8.0,11.428571428571429,170.6432081632653,Chicago,High
1462,18256,2,45,0.0,0.0,20.8384,California,Low
1463,18259,3,5,3.0,4.285714285714286,126.9373619047619,California,High
1464,18260,19,43,16.0,9.25,90.50496333333334,New York,Low
1465,18269,2,25,3.0,3.75,21.966202777777777,Chicago,Low
1466,18277,1,47,0.0,0.0,333.8,Chicago,High
1467,18283,53,36,38.0,3.7254901960784315,78.4769385620915,New Jersey,Low
